480,28
0,4.05793706522,0,0,0,0,0.0172413793103,425,3,1,0,0,1,0,0,0,37.7272727273,41,11.8333333333,0,0,5.22081159367,0,0,0,0,2.63621536055,5.76923076923,0
0,3.91281824451,0,0,0,0,0.0222222222222,458,3,1,0,0,1,0,0,0,44.9,42,11.875,0,2,5.27460176084,0,0,0,0,2.38661215942,0.444444444444,0
2,3.93872187554,0,0,0,0,0.0692307692308,821,3,0,0,0,4,0,0,0,38.1428571429,24,9.90909090909,0,1,4.97515943717,0,0,0,0,2.45755815707,13.4663341646,0
3,5.48489780826,0,0,0,0,0.0281690140845,53012,0,2,1,0,0,1,0,1,2649.65,45709,5221.8,1,2,5.61313134928,0,0,0,0,1.70360601898,1.48507378194,0
1,5.00785426384,0,0,0,0,0.0588235294118,1281,4,2,0,0,1,0,0,0,37.8484848485,167,27.0909090909,0,1,5.21709715769,0,0,4,0,2.34876854161,7.52,0
0,3.83659166811,0,0,0,0,0.0967741935484,244,0,0,0,0,2,0,0,0,244.0,18,9.71428571429,0,0,5.37555764976,0,0,0,0,2.49664060611,2.04081632653,0
1,3.78039465412,0,0,0,0,0.1,229,1,0,0,0,1,0,0,0,229.0,28,9.0,0,0,5.14877326014,0,0,0,0,2.18737514065,0.869565217391,0
0,3.96473517873,0,0,0,0,0.0905797101449,3845,0,0,0,0,4,0,0,0,45.9024390244,30,8.375,0,4,5.24778133025,0,0,0,0,2.21211877488,7.197875166,0
0,3.17512313511,0,0,0,0,0.0,131,0,0,0,0,0,0,0,0,131.0,17,7.6,0,2,4.49015862249,0,0,0,0,1.27004925405,7.57575757576,0
0,3.64643934467,0,0,0,0,0.0,146,0,0,0,0,0,0,0,0,48.0,20,10.0,0,0,3.58851934668,0,0,0,0,1.82321967234,48.9655172414,0
34,4.58882167521,0,0,0,0,0.0697748513169,33959,6,23,1,0,20,18,1,0,706.5,70,11.5803571429,2,104,5.44070238345,5,0,5,0,2.33264390106,2.7334650429,0
0,4.06872828898,0,0,0,0,0.0804597701149,369,4,0,0,0,1,0,0,0,45.25,35,14.0,0,0,4.8541266517,0,0,0,0,2.46142878058,13.4986225895,0
0,4.10235182175,0,0,0,0,0.0526315789474,334,3,0,0,0,1,0,0,0,66.0,39,10.7,0,1,5.24358535874,0,0,0,0,2.31452952272,0.604229607251,0
0,4.38490438607,0,0,0,0,0.11583011583,2219,10,0,0,0,2,0,0,0,54.5,39,18.6666666667,3,0,4.69261520133,0,0,0,0,3.4201271568,24.2549289317,0
2,3.99851591743,0,0,0,0,0.08,777,0,1,0,0,0,0,0,1,258.333333333,47,12.3333333333,0,4,5.4359666001,1,0,0,0,2.20840961526,1.93298969072,0
1,4.93730518337,0,1,0,0,0.0536992840095,3776,3,10,0,0,10,1,0,0,1258.0,191,24.6666666667,2,10,5.31272529781,0,0,0,0,2.78819152023,4.07947019868,0
0,5.69416793091,0,0,0,0,0.0166666666667,695,0,5,0,0,2,0,0,0,62.2727272727,127,35.0714285714,0,4,5.85396490938,0,0,0,0,3.02004828389,1.31195335277,0
0,4.56281489547,0,0,0,0,0.214285714286,187,0,0,0,0,3,0,0,0,36.6,40,17.1428571429,0,0,5.24125422132,0,0,0,0,3.05839437275,3.80434782609,0
17,4.59614877902,0,0,0,0,0.0979498861048,10374,13,3,0,0,7,0,1,0,158.615384615,142,10.8863636364,0,17,5.34501478617,0,0,0,0,2.29666209788,1.46445543594,0
0,3.71799383647,0,0,0,0,0.00218340611354,16705,0,74,0,0,88,0,0,0,4175.5,389,39.9234693878,0,37,4.02454084789,0,0,0,0,1.55549428704,0.0778303298809,0
0,5.7506489322,0,0,0,0,0.0348837209302,772,0,1,0,0,12,0,0,0,95.625,402,19.9677419355,0,9,5.97894562345,0,0,0,1,2.23906058997,1.95822454308,0
0,4.63690416886,0,0,0,0,0.0647130647131,6328,0,6,1,0,40,0,0,5,6328.0,148,17.1637010676,0,8,5.44198446548,0,0,0,0,3.11075644527,0.268604834887,0
0,4.05793706522,0,0,0,0,0.0178571428571,391,3,1,0,0,0,0,0,0,38.2,41,12.1,0,0,5.19933335494,0,0,0,0,2.51078519158,4.17754569191,0
0,4.34919177092,0,0,0,0,0.0897959183673,3786,0,0,0,0,10,0,0,0,28.3565891473,40,12.6341463415,0,4,4.94449767825,0,0,1,0,2.64893152206,14.0202241049,0
0,3.92627237414,0,0,0,0,0.0388349514563,570,3,0,0,0,1,0,0,0,34.6875,29,12.5882352941,0,0,5.16404718748,0,0,0,0,2.94454071996,13.1294964029,0
0,2.725480557,0,0,0,0,0.0869565217391,120,1,0,0,0,1,0,0,0,120.0,9,5.33333333333,1,0,4.81425304197,0,0,0,0,1.74904039778,13.2231404959,0
0,4.49602033203,0,0,0,0,0.0775510204082,1829,0,1,0,0,4,0,1,0,30.5517241379,58,15.5,0,1,4.24666359281,0,0,0,0,3.01393987585,36.943034405,0
0,2.725480557,0,0,0,0,0.117647058824,53,0,0,0,0,1,0,0,0,53.0,9,4.5,0,1,4.44227959631,0,0,0,0,1.3627402785,0.0,0
0,4.78820622611,0,0,0,0,0.0509291121817,19848,0,60,0,0,85,0,0,13,19848.0,471,28.3004622496,0,13,5.18277815744,1,0,0,0,3.26464901345,1.44591667087,0
0,3.64248967317,0,0,0,0,0.0551724137931,425,3,0,0,0,1,0,0,0,425.0,23,9.25,0,1,5.12917985083,0,0,0,0,2.43640417064,0.93896713615,0
0,2.94770277922,0,0,0,0,0.0540540540541,211,1,0,0,0,2,0,0,0,15.3076923077,9,5.6,0,0,4.63996065553,0,0,0,0,1.86118701673,15.0,0
0,3.67096889195,0,0,0,0,0.190476190476,154,0,0,0,0,0,0,0,0,24.8333333333,23,11.0,0,0,4.01681345466,0,0,0,0,2.19763232895,33.3333333333,0
0,4.08496250072,0,0,0,0,0.0,437,0,1,0,0,7,0,0,0,437.0,193,17.3333333333,0,3,5.20419027137,0,0,0,0,2.25106540164,1.14155251142,0
0,4.46974215921,0,0,0,0,0.093023255814,316,3,1,0,0,1,0,0,0,34.2222222222,55,17.75,0,0,4.54794059459,0,0,0,0,2.4924355398,29.7734627832,0
0,4.60129854837,0,2,1,0,0.0868486352357,2749,0,2,0,0,0,0,0,0,31.7380952381,195,14.2692307692,0,2,5.0484041892,0,0,0,0,2.70693383413,14.4731908511,0
0,3.72620463139,0,0,0,0,0.0771428571429,1080,7,0,0,0,5,0,0,1,359.333333333,27,11.2941176471,0,2,5.17869854366,0,0,0,0,2.47950963257,0.64874884152,0
0,4.05793706522,0,0,0,0,0.016393442623,478,3,2,0,0,0,0,0,0,478.0,52,15.5,0,0,5.14288984072,0,0,0,0,2.73190649007,6.05427974948,0
0,3.39274741045,0,0,0,0,0.034188034188,417,1,0,0,0,0,0,0,0,31.1538461538,18,9.8,0,0,5.07360308877,0,0,0,0,2.56197894763,4.18719211823,0
0,4.30585894416,0,0,0,0,0.140186915888,818,0,1,0,0,0,0,0,0,24.59375,41,21.25,0,2,4.83829428337,0,0,0,0,2.91278032754,4.82233502538,0
8,4.0130709291,1,0,0,0,0.0829346092504,2083,3,0,0,0,4,0,0,0,2083.0,38,7.78571428571,0,15,5.30218873154,0,1,3,0,1.88607279909,1.34357005758,0
0,3.88684218813,0,0,0,0,0.00909090909091,543,0,0,0,0,0,0,0,0,543.0,24,10.65625,0,0,4.79526311298,0,0,0,0,2.84227166461,0.367647058824,0
0,3.64022392894,0,0,0,0,0.0714285714286,67,0,0,0,0,0,0,0,0,67.0,15,9.25,0,0,4.5915520633,0,0,0,0,2.38405741854,0.0,0
0,4.184774569,0,0,0,0,0.166666666667,228,0,2,0,0,0,0,0,0,37.1666666667,46,29.6666666667,0,0,4.3252276154,0,0,0,0,2.78510615359,29.0178571429,0
18,4.14218462743,1,1,1,0,0.0709812108559,10396,4,1,2,0,15,10,1,0,518.85,59,7.50609756098,4,83,5.57074517671,0,1,3,0,1.66771394441,1.61880901908,0
0,4.10235182175,0,0,0,0,0.0526315789474,334,3,0,0,0,1,0,0,0,66.0,39,10.7,0,1,5.23533719257,0,0,0,0,2.29157212687,0.604229607251,0
0,4.27233106491,0,0,0,0,0.0495867768595,581,3,0,0,0,2,0,0,0,581.0,39,16.5,0,0,5.06774773936,0,0,1,0,3.06615847592,11.8556701031,0
0,3.82088885135,0,0,0,0,0.027397260274,364,0,0,0,0,6,0,0,0,72.0,21,5.5,0,5,5.11659904067,0,0,0,0,1.08586093308,0.277008310249,0
0,2.25162916739,0,0,0,0,0.1,32,0,0,0,0,1,0,0,0,32.0,6,3.33333333333,0,0,4.11672929667,0,0,0,0,1.2505430558,9.09090909091,0
0,1.5,0,0,0,0,0.0,70,0,0,0,0,0,0,0,0,13.2,4,3.33333333333,0,0,4.80080132466,0,0,0,0,1.25,2.98507462687,0
0,3.2389012566,0,0,0,0,0.0,157,0,0,0,0,0,0,0,0,18.75,13,8.28571428571,0,0,4.6158815434,0,0,0,0,2.38927481522,6.62251655629,0
488,6.03623844419,18,21,21,0,0.0509754658638,897349,383,185,42,5,1063,70,13,64,51.3327695807,410,10.3887098853,67,1302,5.22510271816,17,6,73,0,2.34361035513,14.4838014824,0
3,3.8521687236,0,0,0,1,0.0694597574421,2645,0,0,0,0,9,0,0,0,881.0,19,6.53333333333,0,13,5.25072466118,0,0,0,0,1.65496258598,2.64750378215,0
0,3.725480557,0,0,0,0,0.048128342246,1069,0,0,0,0,0,0,2,0,33.5161290323,18,11.15,0,0,4.62283327587,0,0,0,0,3.00423320532,25.8653846154,0
0,3.82306798227,0,1,1,0,0.0206422018349,2869,0,0,0,0,1,0,0,1,28.8958333333,22,9.2602739726,0,2,4.27488284153,8,0,0,0,2.62647932171,33.9459459459,0
0,4.06872828898,0,0,0,0,0.0666666666667,230,4,0,0,0,1,0,0,0,230.0,35,14.0,0,0,4.88191129794,0,0,0,0,2.46142878058,0.4329004329,0
6,4.11548663297,1,1,1,0,0.078813559322,3781,2,2,0,0,2,4,0,0,377.2,49,10.9242424242,0,17,5.59254138192,0,1,0,0,2.17823416704,2.49138616486,0
0,2.72192809489,0,0,0,0,0.1,37,0,0,0,0,0,0,0,0,37.0,10,5.0,0,0,4.20892498702,0,0,0,0,1.36096404744,5.26315789474,0
0,3.96772010047,0,0,0,0,0.144444444444,669,0,0,0,0,2,0,0,0,19.9375,28,11.75,0,0,4.75994240048,0,0,0,0,2.39358080938,5.6338028169,0
0,4.05793706522,0,0,0,0,0.0178571428571,391,3,1,0,0,0,0,0,0,38.2,41,12.1,0,0,5.21368026153,0,0,0,0,2.55581777493,4.17754569191,0
0,3.37878349349,0,0,0,0,0.0512820512821,164,0,0,0,0,0,0,0,0,17.3333333333,14,9.5,0,0,4.61779674699,0,0,0,0,2.38717712373,0.0,0
0,3.095795255,0,0,0,0,0.047619047619,77,0,0,0,0,0,0,0,0,77.0,11,5.66666666667,0,0,5.03096166412,0,0,0,0,1.78247480746,2.5641025641,0
0,3.375,0,0,0,0,0.05,362,0,0,0,0,2,0,0,0,35.3,16,7.75,0,0,3.89261615882,0,0,0,0,2.30996018894,43.2203389831,0
0,4.7033788017,0,0,0,0,0.0605187319885,2589,4,1,0,0,0,4,0,0,2589.0,80,13.9230769231,0,0,5.16677680784,0,0,6,0,2.85632776491,1.50579150579,0
2,4.30829468733,8,1,1,0,0.0751295336788,7558,10,3,0,0,11,0,0,5,27.4172932331,42,9.57471264368,0,18,5.12303447085,0,0,4,0,2.15763293141,11.4066355909,0
0,3.82525173729,0,0,0,0,0.230769230769,80,0,0,0,0,1,0,0,0,80.0,26,13.0,0,0,4.38613124794,0,0,0,0,1.91262586864,13.5802469136,0
0,4.00813202583,0,0,0,0,0.0619469026549,1390,0,0,0,0,3,0,0,0,39.9117647059,26,9.86666666667,0,0,3.31333411164,0,0,0,0,2.37860718515,55.8910162003,0
1,3.96531410498,0,0,0,0,0.0810810810811,1060,1,0,0,0,0,0,0,0,1060.0,33,11.7142857143,1,2,5.24016609564,0,0,1,0,2.40388039738,2.16776625825,0
1,4.20896608269,0,0,0,0,0.103448275862,715,7,0,0,0,4,0,0,0,31.5454545455,31,12.6666666667,0,2,5.18557138741,0,0,0,0,2.46562033982,5.89928057554,0
1,4.07332970195,0,0,0,0,0.0807174887892,1052,1,0,0,0,0,0,0,0,1052.0,29,11.2142857143,1,2,5.25446434521,0,0,1,0,2.44751514239,2.18423551757,0
0,2.725480557,0,0,0,0,0.125,57,0,0,0,0,1,0,0,0,10.6,9,3.66666666667,0,1,4.68110958514,0,0,0,0,0.908493518999,12.962962963,0
1,4.31044305772,0,0,0,0,0.0570613409415,2766,5,8,0,0,4,0,0,0,921.333333333,139,16.224137931,1,6,5.25299845512,0,0,0,0,2.73005236806,1.62748643761,0
0,4.86374948507,0,3,3,0,0.0875486381323,6141,0,36,0,0,65,0,0,3,6141.0,240,23.7692307692,0,24,5.07109665747,0,0,0,0,2.99220893625,0.944317811788,0
0,3.50689059561,0,0,0,0,0.0,74,0,0,0,0,0,0,0,0,74.0,15,10.0,0,0,4.75474065628,0,0,0,0,2.33792706374,0.0,0
0,4.67002386531,2,0,0,0,0.0268456375839,671,0,1,0,0,1,0,0,0,22.1724137931,93,10.6,0,2,4.95164828424,0,0,0,0,1.87312313845,13.9751552795,0
0,3.73452166478,0,0,0,0,0.056,996,0,0,0,0,2,0,0,0,23.3170731707,24,11.5555555556,0,0,5.15656928437,0,0,0,0,2.69805005219,6.7920585162,0
2,4.82384619715,0,0,0,0,0.0551500405515,4319,0,3,0,0,20,0,0,0,1439.0,71,12.7903225806,0,8,5.18028056226,0,0,0,0,2.4889867439,0.856878184345,0
0,2.52164063634,0,0,0,0,0.0,74,0,0,0,0,0,0,0,0,14.0,7,3.5,0,0,4.34911886667,0,0,0,0,1.26082031817,8.45070422535,0
0,4.08385618977,0,0,0,0,0.130434782609,267,0,1,0,0,6,0,0,0,267.0,53,17.4615384615,0,1,4.95203955481,0,0,0,0,2.75876721669,0.373134328358,0
0,4.64218034865,0,0,0,0,0.0309734513274,1702,0,4,0,0,0,0,0,0,36.8444444444,117,19.3214285714,0,0,4.82322826339,3,0,1,0,2.66059572253,21.0970464135,0
0,4.97135009963,0,0,0,0,0.051724137931,304,4,1,0,0,1,0,0,0,304.0,77,25.25,0,0,5.14789849858,0,0,0,0,2.80533752491,8.19672131148,0
0,3.83659166811,0,0,0,0,0.111111111111,340,0,0,0,0,1,0,1,0,47.7142857143,18,12.0,0,0,5.05552122022,0,0,0,0,2.98635739873,9.85074626866,0
0,2.75,0,0,0,0,0.0,98,0,0,0,0,0,0,0,0,18.8,8,4.0,0,0,2.59659782788,0,0,0,0,1.375,64.2105263158,0
0,4.73644401701,0,0,0,0,0.0418719211823,1553,4,2,0,0,6,0,0,0,387.5,88,13.4814814815,0,0,5.41492726146,0,0,5,0,2.74673369834,0.644745325596,0
0,3.57246945877,0,0,0,0,0.0,174,0,0,0,0,1,0,0,0,24.0,17,8.5,0,0,3.99859167912,0,0,0,0,1.78623472939,32.5443786982,0
0,3.52256319166,0,0,0,0,0.0277777777778,217,0,0,0,0,2,0,0,0,217.0,28,12.0,0,0,4.90355335372,0,0,0,0,2.32077627115,5.96330275229,0
0,4.44483009348,0,0,0,0,0.159090909091,587,0,4,0,0,13,0,0,0,116.6,84,19.0740740741,0,1,4.97620648964,0,0,0,0,2.79331127175,3.42465753425,0
2,3.78494182744,0,0,0,0,0.0475113122172,1535,1,0,0,0,4,0,0,0,169.666666667,21,6.53333333333,0,3,5.16098100182,0,0,0,0,1.73928946809,2.42146596859,0
0,5.01136504183,0,0,0,0,0.0,56,0,1,0,0,1,0,0,0,56.0,42,21.0,0,0,5.19548594873,0,0,0,0,2.50568252091,0.0,0
0,3.75,0,0,0,0,0.126315789474,1937,0,0,0,0,11,0,0,0,59.5625,16,5.15384615385,0,5,2.74249590127,0,0,0,0,1.31490969213,64.6565285789,0
0,4.62131029051,0,0,0,0,0.025,364,3,1,0,0,2,0,0,0,32.1818181818,76,25.0,0,0,5.09526008477,0,0,0,0,2.97241511667,5.07042253521,0
86,6.03623844419,0,64,1,0,0.0410473307064,243203,56,783,3,0,319,17,0,73,559.377880184,382,23.2178150499,9,756,5.51175064932,1,0,15,0,2.32012137618,2.24450202042,0
0,4.14289660842,0,0,0,0,0.0552147239264,879,9,0,0,0,6,0,0,0,34.2,40,15.7857142857,0,0,5.00400536362,0,0,0,0,2.91401808625,7.35981308411,0
110,4.63326968952,0,3,2,0,0.04440189097,95809,104,31,4,0,124,21,1,6,11975.25,201,9.34447539461,7,271,5.39402956054,0,0,18,0,2.09387772855,1.47281400374,0
66,4.79001721749,5,4,4,0,0.0659186133272,435846,16,77,0,0,338,36,1,0,28.0448487272,156,11.3335574983,7,305,5.08807538263,15,0,0,0,2.54061639383,10.0434367292,0
0,4.53291828112,0,0,0,0,0.125,126,0,1,0,0,1,0,0,0,24.4,72,28.0,0,0,5.26619331783,0,0,0,0,2.5948491495,5.69105691057,0
0,4.32592473271,0,0,0,0,0.0,93,0,1,0,0,0,0,0,0,93.0,44,16.0,0,0,5.07529896716,0,0,0,0,1.9419749109,4.25531914894,0
0,3.82687488186,0,0,0,0,0.169230769231,324,0,0,0,0,0,0,0,0,12.0,19,6.28571428571,0,2,4.63365842527,1,0,0,0,1.62739954156,4.31893687708,0
9,4.72565075611,0,0,0,0,0.0420743639922,7202,5,19,0,0,1,6,0,0,1799.75,65,21.2162162162,0,11,5.22688842808,0,0,0,0,2.89511954849,2.80555555556,0
0,4.17147418796,0,0,0,0,0.0634920634921,482,1,1,0,0,1,0,0,0,25.8333333333,41,17.1428571429,0,1,4.7633334459,0,0,0,0,2.40610836209,8.36909871245,0
0,4.55740807147,0,0,0,0,0.0454545454545,1240,4,2,0,0,6,0,0,0,309.25,81,13.7391304348,0,0,5.41321923033,0,0,5,0,2.6920205668,0.807754442649,0
0,4.20896608269,0,0,0,0,0.0324675324675,617,3,1,0,0,0,1,0,0,102.0,41,13.2307692308,0,0,5.40752964331,0,0,0,0,2.6966174109,2.1207177814,0
9,5.02596561262,0,0,0,0,0.0643598615917,12302,0,9,1,0,4,0,0,17,1117.45454545,3662,84.6063829787,0,26,5.06715273923,0,0,0,0,2.02171345319,1.12259009192,0
0,3.75,0,0,0,0,0.0443349753695,1650,1,0,0,0,2,0,0,0,13.8738738739,16,8.86666666667,0,3,5.24337187035,0,0,0,0,2.27152792225,6.61907852044,0
1,4.17527329789,0,0,0,0,0.0372388737511,8587,0,7,0,0,31,0,0,0,659.615384615,127,15.3880597015,0,5,5.05941422085,0,0,0,0,2.82829241888,1.04944029851,0
122,5.08696443119,12,8,7,0,0.0549469128288,130697,237,53,7,0,379,0,13,39,43565.0,383,10.7968299712,10,417,5.29401408896,19,4,21,0,2.45411646683,1.05205974169,0
2,4.48637340296,0,0,0,0,0.0188679245283,706,0,1,0,0,0,0,0,0,34.35,106,18.125,0,2,4.92115306612,0,0,0,0,1.8338979913,6.10465116279,0
0,3.08505510276,0,0,0,0,0.0645161290323,393,0,0,0,0,14,0,0,0,17.7619047619,13,6.06666666667,0,11,4.52852037682,0,0,0,0,1.75912563192,18.449197861,0
0,3.0391486719,0,0,0,0,0.015625,394,0,0,0,0,1,0,0,0,23.6875,14,8.83333333333,0,1,4.28701576954,0,0,0,0,2.08929030829,35.5263157895,0
1,4.57359587687,0,0,0,0,0.0388349514563,690,0,1,0,0,6,0,0,0,42.1875,72,16.9285714286,0,3,5.2222375023,0,0,0,0,2.34087533992,7.24852071006,0
0,3.61687460596,0,0,0,0,0.0935251798561,1294,0,0,0,0,0,0,0,0,430.666666667,17,7.44444444444,0,0,5.13724133028,0,0,3,0,2.38332059823,1.62412993039,0
0,1.92192809489,0,0,0,0,0.0,13,0,0,0,0,1,0,0,0,13.0,5,2.5,0,1,3.39274741045,0,0,0,0,0.960964047444,0.0,0
9,4.69081007466,0,0,0,0,0.0794297352342,2259,2,10,0,0,11,0,0,2,2259.0,123,21.9166666667,0,5,5.29384381781,2,0,0,0,2.72350833607,1.32743362832,0
0,4.32507052036,0,0,0,0,0.0722891566265,414,0,0,0,0,1,0,1,0,45.1111111111,40,11.9,0,0,5.31837367158,0,0,0,0,2.67100510752,2.7027027027,0
0,3.7950885864,0,0,0,0,0.107142857143,132,1,0,0,0,1,0,0,0,32.25,23,9.66666666667,0,0,5.03180439299,0,0,0,0,2.0155725846,10.7692307692,0
0,4.32663190551,0,0,0,0,0.0428571428571,583,0,2,0,0,12,0,0,0,43.9230769231,58,11.5416666667,0,7,5.24190387808,2,0,0,0,2.30808213452,2.44755244755,0
0,4.46857662969,0,0,0,0,0.173913043478,1625,0,9,0,0,10,0,0,1,40.6923076923,61,27.0,0,5,4.10321953881,0,0,0,0,3.14838976135,42.9471032746,0
0,4.28022625367,0,0,0,0,0.06,478,0,0,0,0,3,0,0,0,21.8095238095,29,9.5,0,5,4.99918460938,0,0,0,0,2.19150805817,15.9041394336,0
0,4.54325386695,0,0,0,0,0.0418719211823,1543,4,2,0,0,6,0,0,0,385.0,78,13.1111111111,0,0,5.41563319934,0,0,5,0,2.7395785076,0.64892926671,0
0,4.45871479247,0,0,0,0,0.357142857143,225,0,2,0,0,3,0,0,0,44.2,86,25.1428571429,0,0,5.16212238627,0,0,0,0,2.91205501648,6.75675675676,0
0,2.73215889136,0,0,0,0,0.0666666666667,82,1,0,0,0,1,0,0,0,82.0,11,5.66666666667,0,0,4.55330600678,0,0,0,0,1.55015157514,4.81927710843,0
0,3.25162916739,0,0,0,0,0.222222222222,178,0,0,0,0,0,0,0,0,34.8,12,6.0,0,0,2.72037017106,0,0,0,0,1.62581458369,64.5714285714,0
0,3.64022392894,0,0,0,0,0.0384615384615,464,0,0,0,0,9,0,0,0,30.0,20,10.2068965517,0,4,4.52728649777,0,0,0,0,2.54823194987,21.9512195122,0
0,4.46090728281,0,0,0,0,0.0740740740741,213,0,1,0,0,0,0,0,0,34.6666666667,76,14.0,0,4,4.98149523787,0,0,0,0,1.69824612569,13.3971291866,0
0,3.09306920777,0,0,0,0,0.105263157895,108,0,0,0,0,0,0,0,0,20.8,14,7.0,0,0,4.58667280609,0,0,0,0,1.54653460389,2.85714285714,0
0,4.05793706522,0,0,0,0,0.017094017094,427,3,1,0,0,0,0,0,0,37.9090909091,41,12.25,0,0,5.198914811,0,0,0,0,2.64405304363,4.54545454545,0
1,5.24533976471,0,0,0,0,0.0850111856823,1565,2,1,0,0,4,0,0,0,521.0,140,10.3,1,13,5.51911492403,1,0,0,0,1.70398100554,3.7084398977,0
0,3.83659166811,0,0,0,0,0.117647058824,219,0,0,0,0,0,0,0,0,21.0,18,9.0,0,0,4.93223918156,0,0,0,0,1.91829583405,12.3222748815,0
0,2.94770277922,0,0,0,0,0.0,99,0,0,0,0,0,0,0,0,13.2857142857,9,4.5,0,0,4.91657997914,1,0,0,0,1.47385138961,2.12765957447,0
0,4.44697420725,0,0,0,0,0.0609756097561,1687,0,4,0,0,27,0,0,0,32.76,47,11.0,0,21,4.13325866511,0,0,0,0,2.12790210358,42.8920073215,0
0,3.46132014021,0,0,0,0,0.0227272727273,192,0,0,0,0,6,0,0,0,37.6,23,8.54545454545,0,6,5.23701233586,0,0,0,0,2.05195948128,5.82010582011,0
0,3.87314067951,0,0,0,0,0.0538922155689,2175,0,0,0,0,3,0,0,0,39.2962962963,26,11.3125,0,0,2.87466272863,0,0,0,0,2.79331841816,64.4371172869,0
0,4.37637739158,0,0,0,0,0.078431372549,387,0,1,0,0,1,0,0,0,387.0,72,20.6666666667,0,0,5.05418967343,0,0,0,0,2.82923514815,6.70103092784,0
4,5.21225443583,0,9,7,0,0.0546958377801,22645,0,14,0,0,55,0,0,0,480.829787234,180,12.4584527221,3,22,5.36249464814,0,0,0,0,2.65204942413,0.690265486726,0
0,1.5,0,0,0,0,0.142857142857,66,0,0,0,0,0,0,0,0,15.75,4,3.33333333333,0,5,4.16575501509,0,0,0,0,1.25,12.5,0
0,4.91894270792,0,0,0,0,0.0492270138324,20564,0,112,0,0,212,0,0,0,10281.5,80,13.693877551,0,0,5.35163266772,1,0,0,0,2.69398732266,0.0291772028788,0
0,4.57679762681,0,0,0,0,0.0418719211823,1542,4,2,0,0,6,0,0,0,384.75,77,13.0740740741,0,0,5.41811932,0,0,5,0,2.74082086907,0.649350649351,0
0,4.47370708249,0,0,0,0,0.0416666666667,321,1,1,0,0,5,0,0,0,28.2727272727,70,10.1052631579,0,1,5.14643716959,0,0,0,2,2.27625164528,1.92307692308,0
0,3.92627237414,0,0,0,0,0.0493827160494,434,3,0,0,0,1,0,0,0,32.4615384615,29,12.6363636364,0,0,5.09436968563,0,0,0,0,2.84070337031,12.5295508274,0
5,4.71404023327,0,0,0,0,0.0489759572573,23723,1,10,0,0,44,0,0,3,61.2677165354,79,10.6785714286,1,50,3.72872009801,0,0,0,0,2.21115287697,50.1584989719,0
92,4.4934334691,0,0,0,0,0.0498529942745,104769,27,15,0,0,102,3,0,5,736.816901408,284,8.59690627843,6,336,5.46089175484,0,0,5,0,2.08689120806,1.50149576121,0
0,4.61814809128,1,0,0,0,0.0384615384615,226,0,1,0,0,0,0,0,0,55.75,68,20.0,0,0,4.92971829114,0,1,0,0,2.77455200811,9.375,0
0,3.92627237414,0,0,0,0,0.0493827160494,409,3,0,0,0,1,0,0,0,40.0,29,12.6363636364,0,0,5.16419179981,0,0,0,0,2.80433973394,7.73067331671,0
0,6.02154414437,0,4,0,0,0.107569721116,15878,0,25,0,0,57,0,0,1,15878.0,6559,113.795620438,0,19,5.946509138,1,0,0,0,2.91029041313,0.302286038164,0
0,3.94770277922,0,0,0,0,0.0967741935484,244,0,0,0,0,2,0,0,0,244.0,18,9.71428571429,0,0,5.38869206877,0,0,0,0,2.46056557003,2.04081632653,0
0,4.10235182175,0,0,0,0,0.0526315789474,340,3,0,0,0,1,0,0,0,67.2,39,10.7,0,1,5.28273097622,0,0,0,0,2.34786285606,0.593471810089,0
0,3.25162916739,0,0,0,0,0.0684931506849,646,0,0,0,0,4,0,0,0,19.8709677419,13,6.71428571429,0,2,4.65819485652,0,0,0,0,1.6895888703,14.9108589951,0
0,4.14915951564,0,0,0,0,0.153846153846,229,0,1,0,0,0,0,0,0,45.0,67,17.0,0,0,5.20519893039,0,0,0,0,2.45936929023,3.98230088496,0
0,4.88351187222,0,8,0,0,0.159863945578,8036,0,40,0,0,134,0,0,3,2008.25,467,23.1750972763,0,12,5.13827195456,0,0,0,0,3.0559581585,5.96216081653,0
25,4.86506676266,0,0,0,0,0.0553702468312,11086,40,10,0,0,24,0,0,0,3694.66666667,177,13.5326086957,0,48,5.26870222845,2,0,0,0,2.32226500671,2.25529995489,0
17,5.33649772941,0,6,4,0,0.0661290322581,16362,9,46,3,0,74,5,0,0,1486.54545455,344,16.1907514451,1,47,5.53572617805,3,0,3,0,2.63293716155,1.49208096374,0
7,4.45463615075,0,2,2,0,0.065173857637,20699,0,10,0,0,60,2,0,2,689.0,226,13.348773842,7,40,5.51635055124,2,0,0,0,2.66960057752,2.63654395046,0
3,5.62130288768,0,0,0,0,0.0289855072464,3240,0,2,1,0,0,0,0,1,809.25,1778,288.1,1,2,5.85885231462,0,0,0,0,1.71090246919,2.71772699197,0
0,2.94770277922,0,0,0,0,0.125,154,0,0,0,0,0,0,0,0,18.375,9,4.5,0,0,4.84131758525,0,0,0,0,1.47385138961,6.08108108108,0
0,4.22951998736,0,0,0,0,0.136363636364,407,0,1,0,0,13,0,0,0,80.6,49,12.2592592593,0,7,4.98869410739,0,0,0,0,2.42242651106,1.73267326733,0
0,3.3232314288,0,0,0,0,0.105263157895,109,0,0,0,0,0,0,0,0,21.0,15,7.5,0,0,4.63128455708,0,0,0,0,1.6616157144,2.83018867925,0
0,3.82192809489,0,0,0,0,0.0372526193248,5404,0,0,0,0,13,0,0,0,20.1960784314,21,9.61818181818,0,1,5.06321130649,3,0,0,0,2.77374128997,13.6672490778,0
0,3.76789414762,0,0,0,0,0.0872483221477,1277,0,0,0,0,0,0,0,0,1277.0,24,9.69230769231,0,1,4.94765745211,0,0,3,0,2.17279654396,8.92018779343,0
0,3.9434651896,0,0,0,0,0.0414201183432,1208,0,0,0,0,2,0,0,0,35.6363636364,34,12.7272727273,1,3,4.7816823677,4,0,0,0,2.4599253766,20.9005947324,0
8,3.76226739065,0,0,0,0,0.0576540755467,33715,9,0,0,0,8,1,0,0,5618.33333333,23,6.88732394366,1,25,4.18093435522,0,0,0,0,2.03063386558,0.237311263386,0
0,2.75,0,0,0,0,0.09375,180,0,0,0,0,3,0,0,0,14.0833333333,8,5.4,0,0,4.72350592149,0,0,0,0,1.94304187351,5.29411764706,0
0,2.92192809489,0,0,0,0,0.0,186,0,0,0,0,0,0,0,0,36.4,10,8.0,0,0,3.83146011617,0,0,0,0,2.33754247591,38.7978142077,0
0,4.83582841914,0,2,0,0,0.3,668,0,6,0,0,6,0,0,0,668.0,108,48.3846153846,0,0,5.06092611127,1,0,0,0,3.81677237692,0.896860986547,0
0,4.66037819744,0,0,0,0,0.0793650793651,1215,3,3,0,0,7,0,0,0,44.037037037,298,32.4,1,0,5.34257257306,0,0,0,0,3.195525568,8.40336134454,0
1,5.03388804894,0,2,0,0,0.0576923076923,2445,0,3,0,0,13,0,0,0,9.32067510549,93,13.880952381,0,0,4.54198708078,0,0,0,0,2.79276795896,33.7104072398,0
0,4.12798680688,0,0,0,0,0.0368421052632,1588,0,0,0,0,5,0,0,0,1588.0,36,10.3125,0,7,5.46228939792,2,0,0,0,2.38021041031,9.50283196979,0
0,4.06531153223,0,0,0,0,0.185185185185,766,3,0,0,0,2,0,0,1,84.2222222222,40,12.9,0,0,4.96404434667,0,0,0,0,2.77155925064,0.922266139657,0
0,3.92325179698,0,0,0,0,0.171140939597,2047,0,0,0,0,4,0,0,0,27.4444444444,28,7.32142857143,0,3,4.60537120071,0,0,0,0,2.17151142932,23.5204855842,0
1,3.27761343682,0,0,0,0,0.08,4438,0,0,0,0,2,0,0,0,44.2959183673,12,5.11111111111,0,10,4.60696225702,0,0,0,0,1.29921777066,24.9424228466,0
0,4.2187153672,0,0,0,0,0.333333333333,1001,0,1,3,0,18,0,0,0,1001.0,58,16.6842105263,0,3,5.20373149386,3,0,0,0,2.705811548,4.29141716567,0
0,2.94770277922,0,0,0,0,0.102040816327,528,1,0,0,0,1,0,0,0,30.1176470588,9,4.4,0,1,3.82723961906,0,0,3,0,1.33672582597,40.5458089669,0
0,4.31364087392,0,0,0,0,0.051724137931,318,4,1,0,0,1,0,0,0,38.875,45,17.25,0,0,4.74666933381,0,0,0,0,2.64091021848,20.5128205128,0
0,3.92627237414,0,0,0,0,0.0243902439024,452,4,0,0,0,1,0,0,0,33.8461538462,29,11.9166666667,0,0,5.16103823276,0,0,0,0,2.75427677013,11.3378684807,0
0,4.27233106491,0,0,0,0,0.0495867768595,588,3,0,0,0,2,0,0,0,588.0,39,16.5,0,0,5.10882809496,0,0,1,0,3.06615847592,11.8845500849,0
0,4.45964006058,0,0,0,0,0.039736219141,40463,7,9,0,0,58,0,1,0,2022.2,126,12.8712871287,4,20,5.17549502393,0,0,0,0,2.81103286476,0.825812832241,0
0,3.61634856608,0,0,0,0,0.047619047619,174,0,0,0,0,0,0,0,0,20.875,19,8.66666666667,0,0,4.94770481391,0,0,0,0,2.04599640081,5.95238095238,0
20,4.56784604975,0,0,0,0,0.0639217470428,13956,49,7,0,0,24,3,0,2,2790.4,147,12.2890995261,2,52,5.41293180758,2,0,9,0,2.34652661392,1.70572636709,0
0,4.68450661414,0,0,0,0,0.0605187319885,2589,4,1,0,0,0,4,0,0,2589.0,80,13.9230769231,0,0,5.16574492975,0,0,6,0,2.85560191154,1.50579150579,0
112,4.63326968952,0,3,2,0,0.0443854098263,95979,106,30,4,0,120,21,1,6,11996.5,201,9.30366972477,7,274,5.39124665789,0,0,20,0,2.09634051072,1.47124712159,0
14,4.10660313706,3,0,0,0,0.0538922155689,11938,7,0,0,0,15,2,3,0,1192.9,30,10.576419214,1,23,5.34573010639,2,0,0,0,2.56272273842,1.28248113998,0
0,3.64528301479,0,0,0,0,0.0222222222222,285,0,0,0,0,10,0,0,0,285.0,37,8.63636363636,0,0,4.66996266198,0,0,0,0,2.03447269144,0.0,0
7,4.45463615075,0,2,2,0,0.0615241923017,23883,0,10,0,0,60,2,0,1,745.375,226,13.0813397129,6,44,5.50129148205,2,0,0,0,2.67770581668,2.59925376263,0
0,4.42348765054,0,0,0,0,0.0333333333333,1308,1,10,0,0,0,0,0,0,217.166666667,59,35.8064516129,0,0,4.8310788051,0,0,0,0,3.8844650115,0.306748466258,0
102,4.63326968952,0,1,1,0,0.044750200374,84246,68,19,4,0,107,19,1,2,14040.1666667,201,8.81788440567,4,238,5.3696006707,0,0,9,0,2.07471372832,1.543173239,0
0,3.18083298721,0,0,0,0,0.2,31,0,0,0,0,1,0,0,0,31.0,13,6.5,0,0,3.82453340688,2,0,0,0,1.5904164936,9.375,0
0,3.86172507476,0,0,0,0,0.159090909091,366,0,0,0,0,2,0,0,0,21.9375,35,14.6666666667,0,0,4.76648919968,0,0,0,0,2.68913841147,13.6363636364,0
0,2.52164063634,0,0,0,0,0.0884146341463,970,0,0,0,0,0,0,0,0,322.666666667,8,6.71428571429,0,0,5.0879473544,0,0,0,0,2.29564571232,1.44478844169,0
3,4.29535334812,0,2,1,0,0.0709441128595,27742,17,5,0,0,76,0,1,9,9246.66666667,65,13.856,3,27,5.19603534162,3,0,4,0,2.81403803929,1.20038931545,0
0,3.095795255,0,0,0,0,0.0450928381963,1768,7,0,0,0,0,0,2,0,28.0,11,5.28571428571,4,0,5.10169369401,0,0,0,0,1.76391777463,5.96840257461,0
0,4.93781489547,0,0,0,0,0.0483012689316,20435,0,111,0,0,210,0,0,0,10217.0,80,13.6785714286,0,0,5.35489798126,1,0,0,0,2.69521971153,0.0293613897724,0
0,4.93138215819,0,0,0,0,0.214285714286,351,0,2,0,0,0,0,0,0,57.6666666667,163,91.0,0,0,5.08410513215,0,0,0,0,3.17147267774,6.91642651297,0
57,6.01409108906,2,4,4,0,0.0429120532385,42875,10,3,0,0,31,0,0,5,541.734177215,509,7.95225464191,3,310,5.47347245956,6,1,6,0,1.84222041867,1.4907238656,0
4,4.15565155225,0,0,0,0,0.0415397396843,28161,0,0,0,0,34,0,2,1,30.6782902137,31,6.53725490196,1,80,4.85699131368,0,0,0,0,2.005966777,7.91963041725,0
1,5.19711358852,0,0,0,0,0.0850111856823,1562,2,1,0,0,4,0,0,0,520.0,137,10.2,1,13,5.51857370705,1,0,0,0,1.70237346633,3.71556694427,0
0,4.58695153298,0,0,0,0,0.0418719211823,1538,4,2,0,0,6,0,0,0,383.75,73,12.9259259259,0,0,5.41660608346,0,0,5,0,2.74119693967,0.651041666667,0
1,4.98746520884,0,0,0,0,0.0,370,0,1,0,0,0,0,0,0,370.0,352,176.0,0,0,5.0229161193,0,0,0,0,2.49373260442,0.0,0
7,4.72429340432,0,2,2,0,0.0648097578737,20851,0,11,0,0,60,2,0,2,694.066666667,354,13.7629427793,7,40,5.54001739384,2,0,0,0,2.6723166709,2.63650770782,0
0,4.76894270792,0,0,0,0,0.0605187319885,2589,4,1,0,0,0,4,0,0,2589.0,80,13.9230769231,0,0,5.16864233675,0,0,6,0,2.85884945361,1.50579150579,0
0,3.92610850073,0,0,0,0,0.0531914893617,1039,3,0,0,0,12,0,0,0,44.2173913043,35,11.7692307692,0,5,5.070563036,0,0,0,0,2.45274631243,10.9037328094,0
0,3.91281824451,0,0,0,0,0.0222222222222,461,3,1,0,0,1,0,0,0,56.75,42,11.875,0,2,5.24236627822,0,0,0,0,2.39576739837,6.59340659341,0
0,3.82486295762,0,0,0,0,0.0,86,0,0,0,0,0,0,0,0,28.0,28,14.0,0,0,4.93725181926,0,0,0,0,1.91243147881,3.52941176471,0
0,3.92627237414,0,0,0,0,0.0493827160494,444,3,0,0,0,1,0,0,0,33.2307692308,29,12.6363636364,0,0,5.18139035526,0,0,0,0,2.84527844608,8.54503464203,0
0,4.49719261383,0,0,0,0,0.093023255814,249,3,1,0,0,1,0,0,0,24.0,55,17.75,0,0,5.18947625193,0,0,0,0,2.49929815346,9.95850622407,0
0,-0.0,0,0,0,0,0.135135135135,197,0,0,0,0,0,0,0,0,65.0,2,1.0,0,1,4.52824362971,0,0,0,0,0.0,15.306122449,0
169,6.01409108906,118,48,37,0,0.0519400798012,341243,101,110,8,0,609,38,3,9,6561.38461538,21497,20.0137851809,23,710,5.30837463745,4,3,16,0,2.31664781941,1.86551306738,0
1,1.5,0,0,0,0,0.148148148148,183,0,0,0,0,0,0,0,0,22.0,4,2.0,0,0,4.71952452381,0,0,0,0,0.75,15.2542372881,0
0,4.79842430423,0,0,0,0,0.0886524822695,2457,0,1,0,0,4,0,0,0,83.7586206897,82,11.2916666667,0,3,5.17591421517,0,0,0,0,2.3946241278,1.02880658436,0
0,3.08496250072,0,0,0,0,0.0,124,0,0,0,0,1,0,0,0,16.8571428571,12,7.0,0,0,3.58566953269,0,0,0,0,1.8627402785,42.8571428571,0
0,4.73623850615,0,0,0,0,0.0630630630631,1650,0,2,0,0,2,1,0,0,36.5227272727,116,26.3636363636,0,3,4.24621459027,1,0,0,0,2.45959393011,35.6965174129,0
0,2.75,0,0,0,0,0.06,347,1,0,0,0,1,0,0,0,42.5,11,6.33333333333,0,1,4.77922855813,0,0,0,0,1.68876893613,6.74486803519,0
0,4.9283788017,0,0,0,0,0.0584252758275,34815,0,226,0,0,434,0,0,0,17407.0,80,14.3436489607,0,2,5.29315155476,1,0,0,0,2.68181383724,0.0172339508832,0
0,3.7409532604,0,0,0,0,0.0196078431373,326,0,0,0,0,10,0,0,0,64.4,23,9.08,0,9,4.88332607147,0,0,0,0,2.2856205408,3.71517027864,0
0,5.67146587121,0,0,0,0,0.03125,413,0,1,0,0,4,0,0,0,102.5,128,28.4285714286,0,0,5.81632589631,0,0,2,0,2.85847717013,4.13625304136,0
0,3.97057309581,0,0,0,0,0.0227272727273,364,0,0,0,0,0,0,0,0,72.0,22,10.0,0,0,4.92857526217,0,0,0,0,2.62208470613,1.93905817175,0
0,4.29992015259,0,0,0,0,0.0905861456483,3596,5,2,1,0,12,0,0,0,26.6692307692,85,14.4375,0,10,5.33003324035,2,0,0,0,2.69369427297,4.35409457901,0
2,3.25162916739,0,0,0,0,0.124031007752,390,0,0,0,0,4,0,0,0,194.5,12,6.8,0,1,5.28320144214,1,0,0,0,2.24944433777,2.82051282051,0
0,4.41371606838,0,0,0,0,0.0652463382157,3943,0,0,0,0,8,0,0,0,1313.66666667,36,10.9571428571,0,6,4.96015054069,0,0,0,0,2.5824072817,0.405885337392,0
0,4.58247292186,0,0,0,0,0.25,570,0,7,0,0,0,0,0,0,189.333333333,74,60.5,0,0,5.02694872873,0,0,0,0,3.93259352343,0.351493848858,0
0,3.92627237414,0,0,0,0,0.0493827160494,435,3,0,0,0,1,0,0,0,32.5384615385,29,12.7272727273,0,0,5.09059186931,0,0,0,0,2.82975683415,12.5,0
9,4.21607802773,0,0,0,0,0.0585526315789,14204,5,1,0,0,14,0,3,0,14204.0,47,10.0040322581,2,25,5.19903093146,0,0,14,0,2.49201668224,1.66138683562,0
0,4.51365261823,0,0,0,0,0.214285714286,197,0,1,0,0,3,0,0,0,38.6,87,21.1428571429,0,1,5.18258309658,0,0,0,0,2.47659160874,5.15463917526,0
0,5.73860551303,0,0,0,0,0.0491803278689,436,0,2,0,0,4,0,0,0,108.25,125,33.8571428571,0,0,5.86709797913,0,0,2,0,2.98321362562,3.45622119816,0
5,3.27761343682,0,0,0,0,0.0807291666667,2819,0,0,0,0,0,0,0,0,28.0721649485,12,4.81818181818,0,13,4.40464922505,0,0,0,0,1.31048075352,33.7371512482,0
0,3.18989809546,0,0,0,0,0.0833333333333,175,0,0,0,0,2,0,0,0,34.2,15,8.33333333333,0,0,5.02245685959,0,0,0,0,2.22243399868,4.06976744186,0
0,4.16941365179,0,0,0,0,0.0545454545455,1181,0,14,0,0,14,0,0,0,393.0,47,38.0,0,0,4.89008661311,0,0,0,0,3.72795492402,6.69491525424,0
6,4.38744377265,0,0,0,0,0.0373694079829,56168,16,4,0,0,41,2,2,0,1477.13157895,52,10.9410664172,14,28,5.30091488423,0,0,2,0,2.75677695113,1.40027079028,0
9,4.10581105721,0,0,0,0,0.0566191446029,20010,0,11,0,0,19,0,0,0,6669.33333333,59,15.5517241379,0,12,5.29697918234,0,0,1,0,2.75692099606,1.70923084612,0
11,4.3984231186,3,0,0,0,0.0447499268792,35603,4,4,0,0,47,0,1,0,3955.0,135,11.7430683919,6,46,5.17875705008,0,0,0,0,2.67323020838,1.11529385324,0
0,2.75,0,0,0,0,0.0,42,0,0,0,0,0,0,0,0,42.0,8,4.0,0,0,4.40398944649,0,0,0,0,1.375,0.0,0
0,3.92627237414,0,0,0,0,0.0493827160494,434,3,0,0,0,1,0,0,0,32.4615384615,29,12.6363636364,0,0,5.07880542871,0,0,0,0,2.81646094606,12.5295508274,0
120,4.80245224212,0,2,2,0,0.0444267007346,91669,91,12,1,0,119,25,3,3,15277.3333333,322,8.54011741683,7,254,5.36840450714,1,0,19,0,2.07756706178,1.37020673103,0
0,4.27233106491,0,0,0,0,0.0508474576271,572,3,0,0,0,2,0,0,0,572.0,39,16.5,0,0,5.09582723769,0,0,1,0,3.06615847592,11.8673647469,0
0,4.0212684949,0,0,0,0,0.048275862069,740,0,0,0,0,2,0,0,0,740.0,36,17.8,0,0,4.84631380973,0,0,0,0,2.89242076635,0.0,0
0,4.4793551253,0,0,0,0,0.0833333333333,1081,0,2,0,0,5,0,0,0,37.6428571429,59,20.6666666667,0,0,4.98112300473,0,0,1,0,2.90267913323,9.57345971564,0
17,4.14588822642,0,0,0,1,0.065815324165,22731,7,1,4,0,56,6,0,1,7576.33333333,166,6.97461928934,2,104,5.29188180374,0,0,3,0,1.87929808759,2.14694236692,0
2,4.35140976556,0,0,0,0,0.0554867986799,40509,6,4,0,0,20,0,1,0,2131.10526316,45,12.193359375,1,12,5.24130999263,0,0,0,0,2.79981930462,1.00760644078,0
0,3.8796640049,0,0,0,0,0.119266055046,1384,0,0,0,0,0,0,0,0,33.625,24,12.6086956522,0,1,4.45500581224,0,0,0,0,2.89432261361,28.7518573551,0
7,4.74273272491,0,1,1,0,0.0829145728643,6571,5,4,0,0,9,4,0,13,31.6965174129,57,11.6585365854,0,15,5.04837083703,0,0,10,0,2.44515356593,18.5655994978,0
0,2.92192809489,0,0,0,0,0.0588235294118,155,0,0,0,0,0,0,0,0,18.5,10,5.0,0,0,4.99906187784,0,0,0,0,1.46096404744,8.05369127517,0
0,3.27761343682,0,0,0,0,0.0434782608696,108,0,0,0,0,0,0,0,0,12.625,11,5.5,0,0,4.7912659755,0,0,0,0,1.63880671841,1.96078431373,0
0,4.37679516259,2,0,0,0,0.0625,308,0,3,0,0,0,0,0,0,153.5,53,22.875,0,0,5.06211187173,0,2,0,0,2.983771197,7.14285714286,0
0,4.37886408819,0,0,0,0,0.0357142857143,215,3,1,0,0,1,0,0,0,29.8571428571,70,22.25,0,0,4.91427562536,0,0,0,0,2.44809921075,3.33333333333,0
0,4.58418489672,0,0,0,0,0.181818181818,121,0,1,0,0,0,0,0,0,39.6666666667,82,41.0,0,0,4.92789665563,0,0,0,0,2.29209244836,5.83333333333,0
78,4.99663872784,1,4,4,0,0.0516844811257,102037,107,34,7,0,712,13,0,29,506.651741294,154,13.6895734597,17,68,5.493527503,20,0,16,0,2.76030852857,1.85490681278,0
3,4.35339113817,0,1,1,0,0.111007462687,28447,4,2,0,0,37,0,0,0,25.1230486685,83,8.66473988439,6,13,5.07461821786,0,0,2,0,2.26159263172,8.41374269006,0
12,4.26478998308,0,1,1,0,0.0397391220947,121586,19,9,0,0,45,2,2,0,1841.22727273,67,10.6945882353,11,57,5.21460574597,0,0,1,0,2.74229203718,1.37999703757,0
0,4.05793706522,0,0,0,0,0.0178571428571,389,3,1,0,0,0,0,0,0,47.75,41,12.1,0,0,5.22191973077,0,0,0,0,2.56085035828,4.17754569191,0
0,4.89394270792,0,0,0,0,0.0469995803609,19846,0,106,0,0,200,0,0,0,9922.5,80,13.5785381026,0,0,5.35622380594,1,0,0,0,2.69571126367,0.0302327925023,0
0,0.918295834054,0,0,0,0,0.0633608815427,1046,2,0,0,0,0,0,0,0,44.5217391304,3,2.0,0,2,5.30165216869,0,0,0,0,0.612197222703,8.39024390244,0
3,5.24533976471,0,0,0,0,0.0737967914439,2995,3,1,0,0,7,0,0,0,498.333333333,140,8.47457627119,3,27,5.45283946626,2,0,0,0,1.67218013065,2.5075225677,0
0,4.31537443201,0,0,0,0,0.142857142857,472,0,1,0,0,7,0,0,0,22.65,55,11.0,0,4,5.25941774211,0,0,0,0,1.7076050481,5.06607929515,0
0,4.21650604218,0,0,0,0,0.0588235294118,365,2,1,0,0,3,0,0,0,365.0,42,12.3,0,0,5.0661538832,0,0,0,0,2.56077172898,11.2021857923,0
0,2.75,0,0,0,0,0.181818181818,80,0,0,0,0,2,0,0,0,15.2,8,4.2,0,1,4.88729184572,0,0,0,0,1.48398500029,9.09090909091,0
1,3.73244460132,0,0,0,0,0.0807174887892,1056,1,0,0,0,0,0,0,0,1056.0,31,11.5,1,2,5.24686500602,0,0,1,0,2.38309301811,2.17596972564,0
0,4.69401935712,0,0,0,0,0.051724137931,289,4,1,0,0,1,0,0,0,289.0,58,20.5,0,0,5.00634262245,0,0,0,0,2.73600483928,10.0,0
0,4.05793706522,0,0,0,0,0.0178571428571,391,3,1,0,0,0,0,0,0,38.2,41,12.1,0,0,5.20663451344,0,0,0,0,2.53418369161,4.17754569191,0
136,6.03623844419,1,2,2,0,0.0616569603607,76643,15,14,2,0,430,3,2,10,19160.0,127,8.93740340031,4,375,5.35013270187,29,0,7,0,2.15334696081,1.78103104083,0
0,4.43363498215,0,0,0,0,0.0575221238938,1870,0,3,0,0,3,0,0,1,43.5476190476,72,14.4634146341,0,5,3.99175886322,0,0,0,0,2.57773615301,42.7868852459,0
0,4.0259300271,0,0,0,0,0.0612244897959,262,3,0,0,0,2,0,0,0,36.5714285714,39,14.4,0,0,4.75878954906,0,0,0,0,2.61967989717,12.8404669261,0
0,4.60414804201,0,0,0,0,0.181818181818,159,0,1,0,0,0,0,0,0,159.0,126,63.0,0,0,4.73231370483,0,0,0,0,2.302074021,1.875,0
1,4.42573125196,0,2,0,0,0.109160724081,11804,0,3,0,0,23,0,0,13,32.3474576271,85,10.9266666667,1,5,4.92186552302,0,0,0,0,2.73258913275,20.913377576,0
0,3.88358082237,0,0,0,0,0.0733944954128,512,3,0,0,0,2,0,0,0,38.4615384615,39,14.2307692308,0,0,5.18863106807,0,0,0,0,2.96619559221,9.78043912176,0
0,3.91281824451,0,0,0,0,0.0222222222222,435,3,1,0,0,1,0,0,0,42.6,42,11.875,0,2,5.22996590024,0,0,0,0,2.37551087262,0.468384074941,0
0,5.59253657497,0,0,0,0,0.0655737704918,456,0,2,0,0,4,0,0,0,113.25,126,36.5714285714,0,0,5.79923174624,0,0,2,0,3.09743217524,3.30396475771,0
0,4.64035066487,0,0,0,0,0.0714285714286,587,0,2,0,0,4,0,0,0,25.7272727273,68,33.8333333333,0,1,4.35072313932,0,0,0,0,3.25675195778,33.1569664903,0
0,4.32923993182,0,0,0,0,0.0,157,0,0,0,0,0,0,0,0,157.0,36,19.0,0,0,4.76721741738,1,0,0,0,3.20514489048,1.89873417722,0
0,3.12192809489,0,0,0,0,0.025641025641,168,0,0,0,0,1,0,0,0,41.25,10,5.5,0,1,4.9922435915,0,0,0,0,1.80100136893,2.40963855422,0
0,4.11786102975,0,0,0,0,0.078431372549,243,3,0,0,0,1,0,0,0,47.8,36,11.1428571429,0,0,5.10753978138,0,0,0,0,2.43804532331,4.58333333333,0
9,6.08514653764,1,2,1,60,0.0497335701599,10203,5,5,0,0,7,0,0,0,178.01754386,1627,30.6339285714,0,17,5.75219905733,1,0,2,0,2.53246066875,2.87741426882,0
13,4.14231405531,0,0,0,0,0.0669990651293,9182,35,1,0,0,17,3,0,2,1529.5,147,8.76991150442,2,29,5.41090598595,0,0,9,0,2.03297257923,1.57986489431,0
2,4.13130034251,0,0,0,0,0.0411036036036,16810,1,0,0,0,26,0,1,0,419.275,35,9.27426160338,4,27,5.2085500336,1,0,3,0,2.49229889125,0.906272358693,0
6,4.13366068969,0,0,0,0,0.0447875267502,54678,7,7,0,0,81,10,0,0,866.920634921,57,12.7478991597,1,32,5.39905805757,3,0,3,0,2.9497246022,1.5892487687,0
22,4.56398554951,4,0,0,0,0.0641601961586,15012,0,15,1,0,17,0,0,0,32.4365256125,128,15.6345177665,1,40,5.11876873341,90,0,0,0,2.57717483591,6.78338482664,0
0,3.83054660864,0,0,0,0,0.219696969697,683,3,0,0,0,2,0,0,0,84.5,37,10.0714285714,1,0,5.02869168728,0,0,3,0,2.47191504254,8.86262924668,0
7,4.55787189935,0,5,3,0,0.0740740740741,1885,10,2,0,0,8,0,0,0,627.666666667,173,14.6857142857,0,11,5.29685666308,1,0,4,0,2.07837153851,0.955414012739,0
0,4.08496250072,0,0,0,0,0.046875,460,0,0,0,0,0,0,0,0,23.2631578947,24,12.0,0,0,4.77520472273,0,0,0,0,2.04248125036,5.41760722348,0
0,4.94715447183,0,1,0,0,0.0416391275611,27283,0,149,0,0,300,0,0,0,13641.0,80,14.999380805,0,0,5.38296222212,1,0,0,0,2.8186152748,0.0219917164535,0
0,4.33496250072,0,0,0,0,0.0,309,0,1,0,0,7,0,0,0,309.0,65,11.2380952381,0,3,5.43130101549,0,0,0,0,2.258756416,1.61290322581,0
0,4.05656476213,0,0,0,0,0.0571428571429,538,0,0,0,0,0,0,0,0,106.8,30,19.7727272727,0,0,4.81168241612,0,0,0,0,3.40974697518,1.1214953271,0
7,4.1232314288,0,2,2,0,0.0615656268393,32792,2,1,0,0,25,1,3,0,885.297297297,49,11.1030769231,3,25,5.33260439566,0,0,0,0,2.74304438466,1.24248252282,0
0,3.92627237414,0,0,0,0,0.0493827160494,433,3,0,0,0,1,0,0,0,32.3846153846,29,12.5454545455,0,0,5.08431581561,0,0,0,0,2.83276654502,12.5592417062,0
0,3.19948189755,0,0,0,0,0.0,817,0,1,1,0,0,0,0,0,817.0,791,395.5,0,0,3.38726286661,0,0,0,0,1.59974094878,0.0,0
111,5.10305529219,2,12,6,0,0.0420027506226,91356,91,21,0,0,112,23,5,11,316.211805556,1390,11.6860036832,4,214,5.39609091393,1,2,21,0,2.27557010289,1.89304930273,0
3,5.73439432373,1,0,0,0,0.025,469,0,1,0,0,0,0,0,0,469.0,335,68.8,0,2,5.92989936014,0,0,0,0,1.53126448372,0.212765957447,0
13,4.28335916011,0,0,0,0,0.0552355634323,38473,5,13,0,0,25,0,1,0,33.1991111111,105,12.4638554217,0,22,4.87065556134,0,0,0,0,2.33545148711,18.4337349398,0
0,4.15919952939,0,0,0,0,0.0470588235294,891,0,0,0,0,0,0,0,0,21.3,31,11.75,1,1,4.37388543052,0,0,0,0,2.26513959051,26.0257913247,0
7,4.79278781108,23,0,0,0,0.0299079754601,4086,0,4,0,0,15,0,0,0,1361.33333333,133,9.90697674419,0,29,5.26038248397,0,4,0,0,2.03129753503,1.44430844553,0
0,3.02698683336,0,0,0,0,0.0782608695652,702,8,0,0,0,0,0,0,0,20.96875,13,6.61538461538,0,0,5.06244027604,0,0,0,0,2.19695203421,9.82142857143,0
0,4.13883012703,0,0,0,0,0.0675675675676,276,4,0,0,0,0,0,0,0,276.0,36,11.6666666667,0,0,5.00156317935,0,0,0,0,2.34500652418,0.361010830325,0
0,4.05793706522,0,0,0,0,0.0178571428571,403,3,1,0,0,0,0,0,0,49.5,41,13.5,0,0,5.20858998163,0,0,0,0,2.65618100101,4.03022670025,0
0,4.05793706522,0,0,0,0,0.0178571428571,496,3,1,0,0,0,0,0,0,48.7,41,12.0,0,0,4.70437439774,0,0,0,0,2.54708726711,25.0,0
81,6.03623844419,0,4,3,0,0.0388681991353,206562,69,269,8,0,443,14,3,3,568.044077135,328,16.447464503,12,573,5.47299931834,0,0,71,0,2.47725089152,2.35110401986,0
0,4.39516466082,0,0,0,0,0.205128205128,373,0,2,0,0,10,0,0,0,61.3333333333,52,13.619047619,0,2,5.07642771407,0,0,0,0,2.65141973972,2.71002710027,0
0,4.95084021493,0,0,0,0,0.0945945945946,539,0,2,0,0,0,0,0,0,32.75,95,30.0,0,1,5.35428666282,1,0,0,0,2.64593835823,11.619047619,0
0,4.02698683336,0,4,2,0,0.0510204081633,1520,4,0,0,0,4,0,0,1,506.0,32,10.32,0,2,5.22469485402,0,0,4,0,2.30206026475,0.526662277814,0
0,4.07708226122,0,0,0,0,0.0759493670886,459,3,1,0,0,3,0,0,0,56.5,50,14.7692307692,0,0,5.13802501045,0,0,0,0,2.67231042664,7.28476821192,0
0,3.76226739065,0,0,0,0,0.0384615384615,126,0,0,0,0,1,0,0,0,126.0,23,12.2,0,0,4.76393766295,0,0,0,0,2.56770950768,0.0,0
0,4.05793706522,0,0,0,0,0.019801980198,319,3,1,0,0,0,0,0,0,319.0,41,17.2,0,0,5.09945887144,0,0,0,0,2.79835314112,0.3125,0
17,5.3311395117,0,6,4,0,0.0661290322581,16490,9,46,3,0,74,5,0,0,1498.18181818,472,16.4373795761,1,47,5.54071913917,3,0,3,0,2.63306678879,1.48049268855,0
0,3.625,0,0,0,0,0.0,68,0,0,0,0,0,0,0,0,68.0,16,6.66666666667,0,0,4.36734685727,0,0,0,0,1.97308228878,1.44927536232,0
0,3.92627237414,0,0,0,0,0.0618556701031,612,3,0,0,0,1,0,0,0,46.1538461538,29,13.3571428571,0,0,4.75483399349,0,0,0,0,2.98864522315,24.7920133111,0
1,3.99986181152,0,0,0,0,0.0807174887892,1068,1,0,0,0,0,0,0,0,1068.0,37,12.3571428571,1,2,5.25433998003,0,0,1,0,2.45288114213,2.1515434986,0
0,4.58835434717,0,0,0,0,0.045045045045,491,3,1,0,0,1,0,0,0,491.0,46,11.3,0,1,5.37540774978,0,0,0,0,2.38444529358,0.406504065041,0
0,5.62225051822,0,0,0,0,0.108108108108,972,0,2,0,0,7,0,0,2,972.0,493,93.0,0,2,5.80347531615,0,0,0,0,2.48124404458,1.84994861254,0
3,5.97481917946,0,0,0,0,0.0627054361568,16258,2,6,0,0,33,1,0,0,5418.66666667,2160,31.55,1,20,5.71497308186,0,0,6,0,2.85687538693,0.91037706834,0
0,4.13903488696,0,0,0,0,0.32967032967,1542,0,4,0,0,23,0,0,0,1542.0,56,23.5,0,0,5.175142513,4,0,0,0,3.25216067648,5.0550874919,0
0,3.52164063634,0,0,0,0,0.0,328,0,0,0,0,6,0,0,0,28.9090909091,14,7.78947368421,0,0,4.57109226575,0,0,0,0,2.36848426922,0.0,0
77,5.02863931184,0,5,4,0,0.0468306415058,166734,30,35,5,0,101,19,0,7,997.413173653,117,11.7049312854,35,194,5.3428732249,3,0,19,0,2.73589819879,2.19488620332,0
0,2.75162916739,0,0,0,0,0.0740740740741,220,0,0,0,0,0,0,0,0,23.5555555556,12,7.0,0,0,4.81927750062,0,0,0,0,2.16682852128,11.7370892019,0
17,5.27825377224,0,6,4,0,0.0661290322581,16396,9,46,3,0,74,5,0,0,1489.63636364,378,16.2562620424,1,47,5.53494728186,3,0,3,0,2.63273673331,1.48898517117,0
1,2.25162916739,0,0,0,0,0.0483870967742,214,2,0,0,0,0,0,0,0,52.75,6,3.4,0,1,5.3627710452,0,0,0,0,1.13471145246,0.943396226415,0
0,3.5,2,0,0,0,0.185185185185,298,0,0,0,0,0,0,0,0,36.375,16,8.0,0,1,4.78419791592,0,0,0,0,2.28964616405,9.93150684932,0
0,5.07507052036,0,0,0,0,0.051724137931,360,4,1,0,0,1,0,0,0,44.125,80,26.0,0,0,4.9409328652,0,0,0,0,2.83126763009,20.0564971751,0
0,1.92192809489,0,0,0,0,0.355555555556,395,0,0,0,0,0,0,0,0,197.0,5,2.66666666667,0,2,4.84941588506,0,0,0,0,0.946741309647,6.32911392405,0
24,5.96924801165,0,10,10,1,0.0482377154618,28766,33,25,0,0,74,1,1,0,552.211538462,817,16.1428571429,4,94,5.55485425699,5,0,6,0,2.23867475774,2.07898035938,0
0,3.57243125132,0,0,0,0,0.0510204081633,1263,0,0,0,0,0,0,0,0,17.5882352941,18,12.0,3,0,5.11550596885,0,0,0,0,2.91583426417,4.01002506266,0
1,4.89845570601,0,0,0,0,0.0555555555556,1401,1,2,0,0,0,0,0,0,154.777777778,46,15.5833333333,0,11,5.70130582196,0,0,0,0,2.40503357584,1.14777618364,0
0,3.19161164175,0,0,0,0,0.03125,445,0,0,0,0,1,0,0,0,43.6,18,7.14285714286,0,3,2.41670501486,0,0,0,0,1.6759765101,69.5652173913,0
0,3.60385618977,0,0,0,0,0.118644067797,260,2,0,0,0,0,0,0,0,36.2857142857,25,16.6666666667,0,0,5.46577624127,1,0,0,0,2.40257079318,2.74509803922,0
0,4.6931014161,0,0,0,0,0.181818181818,100,0,1,0,0,0,0,0,0,100.0,67,33.5,0,0,4.93318031676,0,0,0,0,2.34655070805,2.9702970297,0
4,5.21225443583,0,9,7,0,0.0544871794872,22597,0,14,0,0,55,0,0,0,479.808510638,180,12.4511494253,2,22,5.37098427846,0,0,0,0,2.64973759845,0.69173465768,0
0,4.92367400373,0,0,0,0,0.0232558139535,1409,8,2,0,0,0,0,0,0,35.1538461538,91,25.5333333333,4,1,5.16114176363,0,0,0,0,3.31630227041,3.93586005831,0
30,4.8299097859,0,0,0,0,0.0329972502291,48817,11,25,0,0,127,8,0,0,446.871559633,248,14.8217054264,5,72,5.25263001609,0,0,17,0,2.52895899075,1.12091972901,0
0,3.73452166478,0,0,0,0,0.0571428571429,268,0,0,0,0,10,0,0,0,268.0,20,11.3333333333,0,3,4.53320376755,0,0,0,0,2.65323705639,1.11524163569,0
0,4.05793706522,0,0,0,0,0.0178571428571,391,3,1,0,0,0,0,0,0,38.2,41,12.1,0,0,5.20470385487,0,0,0,0,2.52915110826,4.17754569191,0
0,4.02894639195,0,0,0,0,0.0,123,0,0,0,0,0,0,0,0,40.3333333333,33,16.5,0,0,4.43174108632,0,0,0,0,2.01447319598,28.6885245902,0
0,4.6308390714,0,0,0,0,0.0418719211823,1540,4,2,0,0,6,0,0,0,384.25,75,13.0,0,0,5.41389000193,0,0,5,0,2.74282240406,0.650195058518,0
2,4.38418371978,0,0,0,0,0.10109159943,11202,1,3,2,0,4,1,0,0,25.8657074341,82,14.08,0,11,5.17084962494,0,0,0,0,2.87907957975,4.94113284509,0
0,4.63534183163,0,0,0,0,0.044776119403,697,0,1,0,0,9,0,0,0,57.1666666667,132,18.7,0,6,4.87174355489,0,0,0,0,1.66367361191,3.49344978166,0
0,4.63690416886,0,0,0,0,0.0656934306569,6412,0,7,1,0,41,0,0,5,6412.0,148,17.332155477,0,8,5.45047576859,0,0,0,0,3.1164939973,0.389833151411,0
0,0.918295834054,0,0,0,0,0.0633608815427,1043,2,0,0,0,0,0,0,0,44.3913043478,3,2.0,0,2,5.30646672156,0,0,0,0,0.612197222703,8.12133072407,0
0,4.25057194545,1,0,0,0,0.0641025641026,320,0,0,0,0,6,0,0,0,106.0,35,8.05263157895,0,3,5.07230517632,0,0,0,0,1.88645289314,1.56739811912,0
1,5.15181619508,0,0,0,0,0.0588235294118,1288,4,2,0,0,1,0,0,0,38.0606060606,167,27.7272727273,0,1,5.21592356836,0,0,4,0,2.3618559899,7.47812251392,0
0,0.918295834054,0,0,0,0,0.0,17,0,0,0,0,0,0,0,0,17.0,3,1.5,0,1,3.8521687236,0,0,0,0,0.459147917027,0.0,0
0,4.13162750813,0,0,0,0,0.10752688172,824,0,2,0,0,1,0,0,2,32.0,53,21.2727272727,1,2,4.80670474603,0,0,0,0,2.65837887813,1.62297128589,0
0,3.12192809489,0,0,0,0,0.05,91,0,0,0,0,0,0,0,0,17.4,10,5.0,0,0,4.49672884978,0,0,0,0,1.56096404744,20.4545454545,0
0,5.02783483954,0,0,0,0,0.113553113553,2411,0,5,0,0,19,0,0,0,2411.0,194,15.696,0,3,5.33277287336,0,0,0,0,2.90310078759,0.16583747927,0
0,4.05747607629,0,0,0,0,0.0697674418605,249,3,0,0,0,1,0,0,0,26.7777777778,34,12.5,0,0,4.72181456197,0,0,0,0,2.38936901907,15.2892561983,0
0,3.82486295762,0,0,0,0,0.0,53,0,0,0,0,0,0,0,0,53.0,28,14.0,0,0,4.68293785107,0,0,0,0,1.91243147881,1.85185185185,0
0,4.3760762302,0,0,0,0,0.0597014925373,582,0,1,0,0,8,0,0,3,33.2941176471,73,13.0833333333,0,6,4.84941761884,0,0,0,0,1.93765756782,5.29100529101,0
0,3.92627237414,0,0,0,0,0.0561797752809,488,3,0,0,0,1,0,0,0,39.75,29,12.9230769231,0,0,5.19793548966,0,0,0,0,2.93617673052,6.69456066946,0
0,3.94770277922,0,0,0,0,0.0967741935484,244,0,0,0,0,2,0,0,0,244.0,18,9.71428571429,0,0,5.37944193612,0,0,0,0,2.51251362198,2.04081632653,0
0,3.9778048159,0,0,0,0,0.0957446808511,468,3,0,0,0,3,0,0,0,16.3703703704,38,10.4,0,2,5.12713059544,0,0,0,0,2.34643141243,13.3182844244,0
2,3.41829583405,0,0,0,0,0.0555555555556,1656,0,0,0,0,2,0,0,0,22.6714285714,12,4.15384615385,0,5,5.02803046461,0,0,0,0,1.29126585165,7.93450881612,0
0,5.03339706436,0,0,0,0,0.0280932456665,21625,0,24,0,0,231,0,0,1,208.961165049,629,27.7860696517,0,139,5.3800411465,0,0,0,0,1.82507670696,7.89816019327,0
0,3.3858911108,0,0,0,0,0.0740740740741,528,2,0,0,0,1,0,0,0,47.0909090909,32,9.68,0,7,5.03776881422,0,0,0,0,2.20706247107,12.5240847784,0
21,4.72112954619,0,0,0,0,0.0481101778656,74651,63,20,1,0,150,0,1,0,27.0752162467,85,9.32241153342,6,61,5.21144488855,0,0,17,0,2.34067458693,9.84804289246,0
2,2.75,0,0,0,0,0.0801526717557,821,1,0,0,0,0,0,0,0,273.0,9,5.0,0,3,5.13690862723,0,0,0,0,1.57144481779,2.31707317073,0
1,3.89246375375,0,0,0,0,0.0807174887892,1056,1,0,0,0,0,0,0,0,1056.0,29,11.5,1,2,5.23955643348,0,0,1,0,2.4326152941,2.17596972564,0
0,4.33366068969,0,0,0,0,0.181818181818,127,0,1,0,0,2,0,0,0,24.6,50,14.2,0,1,5.1287734606,2,0,0,0,2.07094352117,5.64516129032,0
0,3.095795255,0,0,0,0,0.5,44,0,0,0,0,2,0,0,0,44.0,11,7.33333333333,0,0,4.2261438344,0,0,0,0,2.06386350333,2.22222222222,0
0,3.67330512244,0,0,0,0,0.00173988690735,29668,0,181,0,0,217,0,0,0,1022.06896552,380,27.327198364,0,97,4.15646834905,0,0,0,0,1.52721015533,0.323875712695,0
0,4.10372766598,0,0,0,0,0.155339805825,1017,0,0,0,0,4,0,0,0,34.1034482759,32,10.5833333333,0,0,4.18473625604,9,0,0,0,2.25262666237,38.4848484848,0
1,3.75444184571,0,0,0,0,0.0259298061812,9889,0,0,0,0,31,1,0,0,3295.66666667,22,10.6416666667,2,12,5.30941607574,0,0,0,0,2.57709974139,0.970873786408,0
0,4.5258065613,0,0,0,0,0.235294117647,243,0,2,0,0,4,0,0,0,47.8,84,21.3333333333,0,1,5.15629841536,0,0,0,0,2.70991391439,7.08333333333,0
0,6.01641861832,0,3,0,0,0.0964912280702,15160,0,18,0,0,52,0,0,1,15160.0,6545,119.328,0,20,5.94045261012,1,0,0,0,2.80027493317,0.250643097421,0
161,4.85318515495,0,4,4,0,0.0442254463607,100348,100,18,3,0,166,33,5,3,465.739534884,337,8.76740847093,6,337,5.44227974314,12,0,21,0,2.12734270927,1.46402356818,0
0,4.83732614526,2,0,0,0,0.0333333333333,566,0,3,0,0,1,0,0,0,50.5454545455,80,17.6,0,1,5.3156711453,0,0,0,0,2.21858201658,1.6157989228,0
0,4.56035361863,2,0,0,0,0.016393442623,300,0,1,0,0,0,0,0,0,300.0,47,9.8,0,4,4.85082300044,0,0,0,0,1.66418656491,5.64784053156,0
1,4.27540058281,0,0,0,0,0.046511627907,11209,1,3,0,0,15,0,0,0,508.545454545,147,8.64238410596,4,55,5.09547716121,0,0,0,0,1.92829389732,1.83215658236,0
0,2.91397707318,0,0,0,0,0.0490463215259,1608,0,0,0,0,0,0,0,0,145.272727273,11,9.16666666667,3,0,5.17135551547,0,0,0,0,2.33740513674,3.37711069418,0
0,3.69026039097,0,0,0,0,0.0809248554913,672,0,0,0,0,7,0,0,0,43.8666666667,26,9.8,0,5,4.85945472238,0,0,0,0,2.06125180085,16.995447648,0
0,4.04491273324,0,0,0,0,0.0733944954128,4531,1,2,0,0,3,0,0,0,25.1965317919,44,14.3968253968,0,0,5.01762865734,4,0,0,0,3.03572121814,11.2614678899,0
0,3.83659166811,0,0,0,0,0.0967741935484,244,0,0,0,0,2,0,0,0,244.0,18,9.71428571429,0,0,5.37389219092,0,0,0,0,2.47066658013,2.04081632653,0
0,4.01410165493,0,0,0,0,0.102941176471,1531,7,0,0,0,4,0,0,0,38.2820512821,36,15.375,0,1,4.55838281638,0,0,0,0,2.88819494071,30.4551539491,0
1,4.10390991028,0,0,0,0,0.0408163265306,991,0,0,0,0,0,0,0,0,29.0606060606,26,9.53846153846,0,0,4.12631728264,0,0,0,0,2.55805061902,38.5416666667,0
6,5.5290739016,0,0,0,0,0.0290909090909,34280,0,4,3,0,0,0,0,1,1223.32142857,27911,1728.36842105,1,4,5.7681960651,0,0,0,0,1.76141543452,2.43183277865,0
3,4.3005543853,0,0,0,0,0.039748427673,27882,0,4,0,0,12,0,0,0,898.451612903,52,10.1176470588,4,11,5.12970903172,0,0,0,0,2.51877595576,1.19556241697,0
18,4.14218462743,1,1,1,0,0.0709828393136,10437,4,1,2,0,15,10,1,0,520.9,59,7.49390243902,4,83,5.57109370389,0,1,3,0,1.66405716062,1.63163451387,0
0,4.44504755006,0,0,0,0,0.0856481481481,3141,0,2,0,0,1,0,0,0,24.9669421488,106,14.95,1,0,5.07507532477,0,0,0,0,2.59203402686,8.17339510258,0
0,3.83659166811,0,0,0,0,0.0967741935484,244,0,0,0,0,2,0,0,0,244.0,18,9.71428571429,0,0,5.35909858241,0,0,0,0,2.47066658013,2.04081632653,0
0,4.05793706522,0,0,0,0,0.0178571428571,465,3,1,0,0,0,0,0,0,50.7777777778,41,12.8,0,0,4.940110828,0,0,0,0,2.6565962659,18.3406113537,0
