598,28,malicious,benign,,,,,,,,,,,,,,,,,,,,,,,,
39,5.0286393118,2,6,4,0,0.0570044053,48261,34,5,1,0,83,3,1,2,9651.4,104,9.3038990826,4,109,5.5870751259,2,1,18,0,2.4783566086,0.8848273861
112,4.6332696895,0,3,2,0,0.0443854098,95979,106,30,4,0,120,21,1,6,11996.5,201,9.3036697248,7,274,5.3912466579,0,0,20,0,2.0963405107,1.4712471216
0,4.6990953893,0,0,0,0,0.0454545455,1229,4,2,0,0,6,0,0,0,306.5,70,13.2608695652,0,0,5.4260139435,0,0,5,0,2.698180885,0.814995925
110,4.6332696895,0,3,2,0,0.044401891,95809,104,31,4,0,124,21,1,6,11975.25,201,9.3444753946,7,271,5.3940295605,0,0,18,0,2.0938777286,1.4728140037
90,4.4934334691,0,0,0,0,0.050121641,98515,30,15,0,0,92,3,0,5,678.420689655,261,8.6823069404,6,310,5.4589885342,0,0,5,0,2.0874699664,1.5736185093
97,4.6332696895,0,2,1,0,0.0460353421,63698,82,19,4,0,71,14,0,5,10615.5,364,9.2479338843,3,203,5.4164004876,0,0,8,0,2.0551275072,1.5401764687
182,4.7900172175,2,6,6,0,0.0435139728,348731,98,103,3,0,458,31,2,4,8109.04651163,201,10.766446564,15,582,5.3561813434,18,0,16,0,2.4225002937,0.8976454731
86,4.8024522421,0,1,1,0,0.037730231,72176,91,10,0,0,90,21,5,3,458.72611465,337,8.8056930693,4,191,5.3578646929,1,0,21,0,2.1274795837,1.4829008206
0,4.7077695456,0,0,0,0,0.0418719212,1545,4,2,0,0,6,0,0,0,385.5,80,13.1851851852,0,0,5.4206728976,0,0,5,0,2.7456716809,0.64808814
151,4.649027761,3,2,2,0,0.0484751997,113860,117,29,1,0,156,28,2,3,14231.625,201,9.5147615443,9,311,5.3962225565,12,1,19,0,2.2081363393,1.3280165826
0,5.9810630159,0,0,0,0,0.0956175299,5238,0,8,0,0,26,0,0,0,237.136363636,753,65.4852941176,0,4,6.183617774,1,0,0,0,3.0494220748,1.8014564967
0,5.5308937211,0,0,0,0,0,482,0,2,0,0,1,0,0,0,79.5,343,136.333333333,0,0,5.8572971138,0,0,0,0,3.4088355933,4.6025104603
112,5.0788070037,13,18,16,0,0.0523992891,148485,244,99,6,0,433,0,5,39,49494.3333333,2023,13.6881641627,12,356,5.3148590411,3,5,40,0,2.5027875903,0.9859648178
52,6.0140910891,0,0,0,0,0.0580641138,122970,40,29,8,0,98,5,8,10,896.598540146,73,12.1878522229,18,178,5.4034829398,3,0,13,0,2.6753186826,1.9188342085
76,5.0286393118,0,5,4,0,0.0469462948,163122,30,36,5,0,99,19,0,7,999.754601227,230,11.7368859284,35,190,5.3496038433,3,0,19,0,2.7334212889,2.2115720939
7,4.7242934043,0,0,0,0,0.0595710882,24774,0,85,0,0,53,1,0,1,798.193548387,354,22.4969199179,7,41,5.7650828444,2,0,0,0,2.8246170788,2.0165690038
110,4.6332696895,0,3,2,0,0.044401891,95809,104,31,4,0,124,21,1,6,11975.25,201,9.3444753946,7,271,5.3940295605,0,0,18,0,2.0938777286,1.4728140037
9,4.7256507561,0,0,0,0,0.042074364,7202,5,19,0,0,1,6,0,0,1799.75,65,21.2162162162,0,11,5.2268884281,0,0,0,0,2.8951195485,2.8055555556
110,4.6332696895,0,3,2,0,0.0444085346,95788,104,31,4,0,124,21,1,6,13683.1428571,201,9.3444753946,7,271,5.393874244,0,0,18,0,2.0938777286,1.4731215351
113,4.6332696895,0,2,2,0,0.0441855487,93028,82,23,3,0,114,21,1,4,10335.5555556,201,8.9558964525,7,266,5.3012561377,0,0,14,0,2.0771461579,1.3072317004
127,4.649027761,0,2,2,0,0.0441730186,94863,105,16,1,0,120,27,2,3,11857,201,8.556097561,7,248,5.373129153,1,0,19,0,2.107080117,1.3009055737
104,4.6332696895,0,2,2,0,0.0445034257,92631,80,23,1,0,123,20,1,4,13232.1428571,201,9.0586510264,7,251,5.3036353327,0,0,14,0,2.1037281754,1.3041694557
5,4.698270412,0,0,0,0,0.0813648294,4570,9,7,0,0,16,0,0,3,1522.66666667,188,20.0566037736,0,11,5.1230924346,0,0,8,0,2.3479203343,1.9041365726
0,5.9640804505,0,0,0,0,0.0756972112,5112,0,8,0,0,26,0,0,0,231.409090909,775,63.6617647059,0,4,6.1640827995,1,0,0,0,3.0370001012,1.8263943441
112,4.6332696895,0,3,2,0,0.0443854098,95979,106,30,4,0,120,21,1,6,11996.5,201,9.3036697248,7,274,5.3912466579,0,0,20,0,2.0963405107,1.4712471216
9,4.7256507561,0,0,0,0,0.042074364,7202,5,19,0,0,1,6,0,0,1799.75,65,21.2162162162,0,11,5.2268884281,0,0,0,0,2.8951195485,2.8055555556
0,6.0161269856,0,0,0,0,0.0758122744,5202,0,8,0,0,26,0,0,0,235.5,795,61.014084507,0,4,6.1819498692,1,0,0,0,2.9832619249,1.8332690081
0,5.9837804829,0,0,0,0,0.0756972112,5180,0,8,0,0,26,0,0,0,234.5,805,64.6470588235,0,4,6.1804478345,1,0,0,0,3.0484768953,1.8023255814
347,6.0362384442,2,40,35,0,0.0562239704,400728,152,119,4,0,1753,5,5,83,22261.7222222,36633,30.4821842716,39,982,5.583252047,54,1,46,0,2.4319892513,1.8594401965
52,5.2947660025,2,14,14,1,0.0481623988,52485,24,25,0,0,131,14,3,2,13120.5,892,13.8611793612,9,248,5.539463362,10,1,11,0,2.0311989589,1.8367852448
52,5.2947660025,2,14,14,1,0.0481623988,52485,24,25,0,0,131,14,3,2,13120.5,892,13.8611793612,9,248,5.539463362,10,1,11,0,2.0311989589,1.8367852448
52,5.2947660025,2,14,14,1,0.0481623988,52485,24,25,0,0,131,14,3,2,13120.5,892,13.8611793612,9,248,5.539463362,10,1,11,0,2.0311989589,1.8367852448
5,4.5593445971,0,0,0,0,0.0321316614,5215,1,2,0,0,22,0,0,0,117.545454545,66,9.7413793103,1,11,5.2716833744,0,0,0,0,2.3456275312,9.7622269476
111,4.6332696895,0,3,2,0,0.0443049274,96404,117,32,4,0,127,21,1,8,12049.625,201,9.3900643974,7,268,5.3819071719,0,0,18,0,2.0985521833,1.4751343389
9,4.7256507561,0,0,0,0,0.042074364,7202,5,19,0,0,1,6,0,0,1799.75,65,21.2162162162,0,11,5.2268884281,0,0,0,0,2.8951195485,2.8055555556
347,6.0362384442,2,40,35,0,0.0562239704,400728,152,119,4,0,1753,5,5,83,22261.7222222,36633,30.4821842716,39,982,5.583252047,54,1,46,0,2.4319892513,1.8594401965
0,5.9834757929,0,0,0,0,0.0836653386,5091,0,8,0,0,26,0,0,0,230.454545455,783,63.3529411765,0,4,6.1802006451,1,0,0,0,3.0165546585,1.8339577993
86,4.8024522421,0,3,3,0,0.0378179667,73796,97,10,0,0,98,21,5,3,413.58988764,337,8.9699157641,4,192,5.3751030048,1,0,21,0,2.1484222259,2.5129041022
22,4.8732358264,0,2,2,0,0.0504159314,13340,39,2,0,0,33,1,0,0,493.111111111,70,9.4620253165,6,42,5.584413585,1,0,10,0,2.2657431668,7.5779196395
31,4.8420575996,0,2,2,0,0.058833116,19859,52,5,0,0,33,3,0,1,661,299,12.1576576577,4,35,5.5453215573,2,0,7,0,2.3251787876,5.6830215319
0,3.9032080617,0,2,2,0,0.0028066236,48259,6,226,0,0,272,0,0,0,1048.13043478,554,30.2197023388,0,102,4.3030267749,0,0,0,0,1.885640093,1.7981955823
1,4.3841837198,0,2,2,0,0.0921584479,7207,6,4,2,0,11,1,0,0,31.6153846154,82,15.1028037383,0,8,5.0650046707,0,0,0,0,2.8947507339,14.7681740126
0,3.8890495359,0,1,1,0,0.0222222222,725,4,0,0,0,7,0,0,0,725,31,9.0833333333,0,1,3.3322365319,0,0,0,0,2.1969920724,52.479338843
0,3.8962915291,0,1,1,0,0.0540540541,631,3,0,0,0,4,0,0,0,631,35,14.25,0,0,4.070128127,0,0,0,0,2.745023543,42.0886075949
86,6.0362384442,0,64,1,0,0.0410352383,243182,56,783,3,0,314,17,0,73,559.329493088,382,23.2223985491,9,756,5.5118778555,1,0,15,0,2.3204391784,2.2446961895
112,4.6332696895,0,3,2,0,0.0443986624,95954,106,30,4,0,120,21,1,6,11993.375,201,9.3048668503,7,274,5.3945736641,0,0,20,0,2.0957402724,1.4705882353
9,4.7256507561,0,0,0,0,0.042074364,7202,5,19,0,0,1,6,0,0,1799.75,65,21.2162162162,0,11,5.2268884281,0,0,0,0,2.8951195485,2.8055555556
0,4.7596359771,0,0,0,0,0.0454545455,1238,4,2,0,0,6,0,0,0,308.75,79,13.652173913,0,0,5.4267543616,0,0,5,0,2.7008130844,0.8090614887
111,4.6332696895,0,3,2,0,0.0443115198,96383,117,32,4,0,127,21,1,8,13768.1428571,201,9.3900643974,7,268,5.381753076,0,0,18,0,2.0985521833,1.4754404532
127,4.649027761,0,2,2,0,0.0440912189,93870,103,14,1,0,110,27,3,3,15644.1666667,201,8.5516569201,7,247,5.3723992078,1,0,19,0,2.1054485536,1.3231628066
247,5.4351494989,0,51,3,2,0.0590570383,2450618,99,2695,62,0,6518,93,58,137,4666.84571429,28203,94.781268497,24,4380,5.3573126061,2309,0,24,45,2.8671417993,4.7810799173
94,6.0140910891,16,16,16,0,0.0634202653,172996,42,231,2,0,732,14,3,9,5405.15625,4017,17.3821563499,20,469,5.4312848266,25,11,7,0,2.5887456779,2.2206676457
0,2.5,0,0,0,0,0,4288,0,0,0,0,0,0,0,0,4288,13,4.1483870968,0,38,3.0214101634,0,0,0,0,1.0284629468,0
0,4.3120026904,1,0,0,0,0.12,495,0,1,0,0,1,0,0,0,81.6666666667,280,94,0,1,5.2850108313,0,1,0,0,1.4373342301,5.0916496945
0,2.5,0,0,0,0,0,4288,0,0,0,0,0,0,0,0,4288,13,4.1483870968,0,38,3.0214101634,0,0,0,0,1.0284629468,0
0,2.5,0,0,0,0,0,4288,0,0,0,0,0,0,0,0,4288,13,4.1483870968,0,38,3.0214101634,0,0,0,0,1.0284629468,0
0,2.5,0,0,0,0,0,4288,0,0,0,0,0,0,0,0,4288,13,4.1483870968,0,38,3.0214101634,0,0,0,0,1.0284629468,0
9,4.7256507561,0,0,0,0,0.042074364,7202,5,19,0,0,1,6,0,0,1799.75,65,21.2162162162,0,11,5.2268884281,0,0,0,0,2.8951195485,2.8055555556
0,4.6386629031,0,0,0,0,0.0454545455,1239,4,2,0,0,6,0,0,0,309,80,13.6956521739,0,0,5.4276065687,0,0,5,0,2.6955533856,0.8084074373
0,4.5609904516,1,0,0,0,0,122,0,1,0,0,0,0,0,0,122,95,47.5,0,0,4.8283301708,0,1,0,0,2.2804952258,1.6260162602
0,4.5548394068,0,0,0,0,0.0454545455,1238,4,2,0,0,6,0,0,0,308.75,78,13.652173913,0,0,5.4230267721,0,0,5,0,2.6920298539,0.8090614887
31,4.8420575996,0,0,0,0,0.0589906417,18259,46,5,0,0,25,3,0,1,2027.88888889,299,11.8592964824,4,34,5.5343544866,2,0,7,0,2.2605744964,1.8902038133
9,4.7256507561,0,0,0,0,0.042074364,7202,5,19,0,0,1,6,0,0,1799.75,65,21.2162162162,0,11,5.2268884281,0,0,0,0,2.8951195485,2.8055555556
0,4.6126490396,0,0,0,0,0.0418719212,1545,4,2,0,0,6,0,0,0,385.5,80,13.1851851852,0,0,5.422970531,0,0,5,0,2.7421486992,0.64808814
0,4.6815620264,0,0,0,0,0.0454545455,1250,4,2,0,0,6,0,0,0,311.75,91,14.1739130435,0,0,5.4145089276,0,0,5,0,2.6974185648,0.8012820513
0,4.7680481958,0,0,0,0,0,87,0,1,0,0,0,0,0,0,28.3333333333,66,33,0,0,5.0435342319,0,0,0,0,2.3840240979,4.6511627907
347,6.0362384442,2,40,35,0,0.0562239704,400728,152,119,4,0,1753,5,5,83,22261.7222222,36633,30.4821842716,39,982,5.583252047,54,1,46,0,2.4319892513,1.8594401965
0,5.9699067958,0,0,0,0,0.0794223827,5231,0,8,0,0,26,0,0,0,236.818181818,803,61.4507042254,0,4,6.1774613697,1,0,0,0,3.0082262651,1.8230665899
0,4.9105926107,0,2,2,0,0.1538461538,273,0,2,0,0,0,0,0,0,53.8,109,45.75,0,1,5.1530777597,0,0,0,0,2.3706202016,7.037037037
0,4.737820198,0,2,2,0,0.1428571429,175,1,1,0,0,0,0,0,0,43,76,24,0,0,5.0926086672,0,0,0,0,2.6277725004,2.8901734104
0,5.983432274,0,0,0,0,0.0677290837,5088,0,8,0,0,25,0,0,0,230.318181818,787,64.1940298507,0,4,6.1879044764,1,0,0,0,3.0316169014,1.8350434096
1,4.361606276,0,1,1,0,0.0856423174,6448,4,5,0,0,11,0,0,0,37.8493975904,68,16.8157894737,1,1,4.8598300863,1,0,0,0,3.0977511611,23.6632718014
0,3.9262723741,0,0,0,0,0.0440251572,823,3,0,0,0,1,0,0,0,44.7777777778,29,11.9333333333,0,2,5.1975897854,0,0,0,0,2.8252657376,8.7980173482
1,4.361606276,0,1,1,0,0.0856423174,6448,4,5,0,0,11,0,0,0,37.8493975904,68,16.8157894737,1,1,4.8598300863,1,0,0,0,3.0977511611,23.6632718014
0,3.9262723741,0,0,0,0,0.0440251572,823,3,0,0,0,1,0,0,0,44.7777777778,29,11.9333333333,0,2,5.1975897854,0,0,0,0,2.8252657376,8.7980173482
0,4.6605132379,0,0,0,0,0.0454545455,1234,4,2,0,0,6,0,0,0,307.75,75,13.4782608696,0,0,5.4259304834,0,0,5,0,2.6965034001,0.8116883117
8,5.0892237709,0,0,0,0,0.1131241715,34094,0,4,22,0,16,0,0,3,39.3969194313,103,11.2403314917,3,58,5.0987233724,1,0,0,0,2.5044240601,15.2321664862
11,4.2942460132,0,3,3,0,0.0553674567,16307,5,8,1,0,16,2,0,0,1253.46153846,60,11.5342465753,7,27,5.3565831237,1,0,4,0,2.5303416308,1.7857142857
1,4.3841837198,0,0,0,0,0.1026908292,9632,1,3,2,0,4,1,0,0,26.058988764,82,14.141025641,0,10,5.1743175137,0,0,0,0,2.8957643748,4.6777322699
0,4.6314625971,0,0,0,0,0.0454545455,1238,4,2,0,0,6,0,0,0,308.75,79,13.652173913,0,0,5.4268486194,0,0,5,0,2.6952403288,0.8090614887
16,4.604703199,4,3,2,0,0.0693946425,31060,21,13,1,0,18,1,2,35,38.6692209451,153,14.2156862745,0,32,4.9373778799,0,1,8,0,2.3933806166,25.5820865947
0,4.8841875695,0,2,2,0,0.1818181818,169,0,2,0,0,0,0,0,0,84,96,49,0,0,5.1590697767,0,0,0,0,3.0569687845,2.3668639053
0,4.6910408928,0,0,0,0,0.0454545455,1236,4,2,0,0,6,0,0,0,308.25,77,13.5652173913,0,0,5.424127605,0,0,5,0,2.6978306895,0.8103727715
0,4.1463762207,0,0,0,0,0.0836820084,1586,0,1,0,0,7,0,1,0,38.675,44,11.3703703704,0,2,4.3483014494,0,0,0,0,2.8503350537,35.5297157623
0,-1,0,0,0,0,0,0,0,0,0,0,0,0,0,0,0,0,0,0,0,0,0,0,0,0,0,0
0,-1,0,0,0,0,0,0,0,0,0,0,0,0,0,0,0,0,0,0,0,0,0,0,0,0,0,0
1,3.6897037322,0,0,0,0,0.1142857143,346,0,0,0,0,1,0,0,0,114.666666667,21,10.5,0,0,5.0418613052,0,0,0,0,2.5437681186,3.768115942
0,5.660195494,0,0,0,0,0.0454545455,382,2,1,0,0,0,0,0,0,382,195,66.6666666667,0,0,5.7405347155,0,0,0,0,2.5273745296,1.044386423
0,5.975467606,0,0,0,0,0.0700389105,5198,0,9,0,0,27,0,0,0,235.318181818,767,62.0563380282,0,4,6.1779283659,1,0,0,0,3.0416899601,1.8539976825
0,5.9753816752,0,0,0,0,0.0756972112,5089,0,8,0,0,26,0,0,0,230.363636364,787,63.3235294118,0,4,6.190567429,1,0,0,0,3.04893134,1.8346813967
1,4.361606276,0,1,1,0,0.0856423174,6448,4,5,0,0,11,0,0,0,37.8493975904,68,16.8157894737,1,1,4.8598300863,1,0,0,0,3.0977511611,23.6632718014
0,3.9262723741,0,0,0,0,0.0440251572,823,3,0,0,0,1,0,0,0,44.7777777778,29,11.9333333333,0,2,5.1954069917,0,0,0,0,2.8252657376,8.7980173482
0,5.9609749219,0,0,0,0,0.0866425993,5181,0,8,0,0,26,0,0,0,234.545454545,787,60.7183098592,0,4,6.1928961114,1,0,0,0,2.9566652214,1.840728541
0,5.9853254941,0,0,0,0,0.0637450199,5088,0,8,0,0,25,0,0,0,230.318181818,777,64.1940298507,0,4,6.182228412,1,0,0,0,3.0366836213,1.8350434096
0,5.9842987641,0,0,0,0,0.0677290837,5138,0,8,0,0,25,0,0,0,232.590909091,781,64.9104477612,0,4,6.1758816551,1,0,0,0,3.0237203302,1.817116061
10,5.5432958341,0,3,3,0,0.0679801474,22655,18,5,0,0,22,0,0,3,7551,220,11,4,50,5.3182053304,0,0,12,0,2.194707086,1.7038933522
0,4.6918779936,0,0,0,0,0.0454545455,1228,4,2,0,0,6,0,0,0,306.25,69,13.2173913043,0,0,5.4244834659,0,0,5,0,2.6978670852,0.8156606852
1,1.4229892249,0,0,0,0,0.0291262136,900,0,1,1,0,2,0,0,0,299.333333333,650,83.25,0,6,3.2346489952,0,0,0,0,0.6370215701,0.3337041157
31,4.8420575996,0,0,0,0,0.0589906417,18259,46,5,0,0,25,3,0,1,2281.5,299,11.8592964824,4,34,5.5339958427,2,0,7,0,2.2605744964,1.8901002575
19,6.0362384442,0,0,0,0,0.0421309562,24815,11,8,0,0,56,3,0,1,505.448979592,575,11.3585526316,9,49,5.6149390211,0,0,3,0,2.1894346434,1.845122739
169,6.0140910891,118,46,37,0,0.0518307793,334747,101,98,8,0,609,38,3,9,6562.68627451,15628,18.2753664846,23,647,5.3130913029,4,3,16,0,2.3408638118,1.9082874711
114,4.6332696895,0,2,2,0,0.0447889486,93660,99,22,1,0,121,24,1,4,15609.1666667,201,8.996124031,7,265,5.2933617843,1,0,17,0,2.0901540149,1.3282651405
0,4.5859130608,0,0,0,0,0.0454545455,1241,4,2,0,0,6,0,0,0,309.5,82,13.7826086957,0,0,5.4162353323,0,0,5,0,2.6932599142,0.807102502
0,6.0126567807,0,0,0,0,0.0794223827,5202,0,8,0,0,26,0,0,0,235.5,792,61.0422535211,0,4,6.1926328779,1,0,0,0,3.0073801079,1.8332690081
0,-1,0,0,0,0,0,0,0,0,0,0,0,0,0,0,0,0,0,0,0,0,0,0,0,0,0,0
114,4.6332696895,0,2,2,0,0.044880483,93437,99,22,1,0,120,24,1,4,23358.5,201,8.9902912621,7,265,5.3731429268,1,0,17,0,2.0876241144,1.3303365976
65,4.7900172175,5,4,4,0,0.0660434345,434375,16,77,0,0,339,36,1,0,28.0766450231,156,11.3522689076,7,304,5.0910515078,15,0,0,0,2.5440484543,10.0143525384
347,6.0362384442,2,40,35,0,0.0562239704,400728,152,119,4,0,1753,5,5,83,22261.7222222,36633,30.4821842716,39,982,5.583252047,54,1,46,0,2.4319892513,1.8594401965
112,4.6332696895,0,3,2,0,0.0444052916,95932,106,30,4,0,120,21,1,6,15987.8333333,201,9.3048668503,7,274,5.3943261838,0,0,20,0,2.0957402724,1.4708948378
59,5.4699631405,0,3,2,0,0.0533400639,236827,1,504,14,0,1598,3,0,24,287.111922141,241,18.5345245974,1,258,5.6943102823,0,0,88,4,2.7612760813,3.3291385425
112,4.6332696895,0,3,2,0,0.0443854098,95979,106,30,4,0,120,21,1,6,11996.5,201,9.3036697248,7,274,5.3912466579,0,0,20,0,2.0963405107,1.4712471216
9,4.7256507561,0,0,0,0,0.042074364,7202,5,19,0,0,1,6,0,0,1799.75,65,21.2162162162,0,11,5.2268884281,0,0,0,0,2.8951195485,2.8055555556
79,4.4934334691,0,0,0,0,0.0461597518,85187,9,11,0,0,78,2,0,4,924.956521739,234,8.3057553957,4,259,5.4070642664,0,0,7,0,2.0193116923,1.3525741213
11,4.3661149381,0,0,0,0,0.0502199413,54782,0,5,4,0,40,0,1,3,3042.5,63,10.4076086957,1,53,5.2386881437,0,0,0,0,2.6381169131,1.1065259468
0,5.0929177103,0,0,0,0,0.2142857143,220,0,1,0,0,0,0,0,0,72.6666666667,166,83,0,0,5.2307022516,0,0,0,0,2.5464588552,8.6757990868
0,5.1266969581,0,0,0,0,0.1428571429,186,0,1,0,0,0,0,0,0,61.3333333333,167,83.5,0,0,5.1910001417,0,0,0,0,2.563348479,7.5675675676
9,4.7256507561,0,0,0,0,0.042074364,7202,5,19,0,0,1,6,0,0,1799.75,65,21.2162162162,0,11,5.2268884281,0,0,0,0,2.8951195485,2.8055555556
0,4.5284369202,0,0,0,0,0.0447761194,1347,4,2,0,0,6,0,0,0,336,82,13.4,0,0,5.4163334706,0,0,5,0,2.7103771992,0.7434944238
0,-1,0,0,0,0,0.01,356,0,0,0,0,0,0,0,0,356,0,0,0,0,3.4917007355,0,0,0,0,0,0
0,5.0335941261,6,1,0,0,0.12,2256,0,14,0,0,12,0,0,5,63.4857142857,167,24.4107142857,0,6,5.577104285,0,0,0,0,2.6560619147,3.3738191633
9,4.7256507561,0,0,0,0,0.042074364,7202,5,19,0,0,1,6,0,0,1799.75,65,21.2162162162,0,11,5.2268884281,0,0,0,0,2.8951195485,2.8055555556
0,4.2464393447,0,0,0,0,0.1428571429,57,0,0,0,0,0,0,0,0,57,40,20,0,0,4.6507132074,0,0,0,0,2.1232196723,0
0,4.2464393447,0,0,0,0,0.1428571429,57,0,0,0,0,0,0,0,0,57,40,20,0,0,4.6507132074,0,0,0,0,2.1232196723,0
0,4.2464393447,0,0,0,0,0.1428571429,57,0,0,0,0,0,0,0,0,57,40,20,0,0,4.6507132074,0,0,0,0,2.1232196723,0
0,4.2464393447,0,0,0,0,0.1428571429,57,0,0,0,0,0,0,0,0,57,40,20,0,0,4.6507132074,0,0,0,0,2.1232196723,0
0,4.2464393447,0,0,0,0,0.1428571429,57,0,0,0,0,0,0,0,0,57,40,20,0,0,4.6507132074,0,0,0,0,2.1232196723,0
0,4.2464393447,0,0,0,0,0.1428571429,57,0,0,0,0,0,0,0,0,57,40,20,0,0,4.6507132074,0,0,0,0,2.1232196723,0
0,4.2464393447,0,0,0,0,0.1428571429,57,0,0,0,0,0,0,0,0,57,40,20,0,0,4.6507132074,0,0,0,0,2.1232196723,0
0,4.2464393447,0,0,0,0,0.1428571429,57,0,0,0,0,0,0,0,0,57,40,20,0,0,4.6507132074,0,0,0,0,2.1232196723,0
0,4.2464393447,0,0,0,0,0.1428571429,57,0,0,0,0,0,0,0,0,57,40,20,0,0,4.6507132074,0,0,0,0,2.1232196723,0
0,4.2464393447,0,0,0,0,0.1428571429,57,0,0,0,0,0,0,0,0,57,40,20,0,0,4.6507132074,0,0,0,0,2.1232196723,0
0,4.2464393447,0,0,0,0,0.1428571429,57,0,0,0,0,0,0,0,0,57,40,20,0,0,4.6507132074,0,0,0,0,2.1232196723,0
0,4.2464393447,0,0,0,0,0.1428571429,57,0,0,0,0,0,0,0,0,57,40,20,0,0,4.6507132074,0,0,0,0,2.1232196723,0
0,4.2464393447,0,0,0,0,0.1428571429,57,0,0,0,0,0,0,0,0,57,40,20,0,0,4.6507132074,0,0,0,0,2.1232196723,0
0,4.2464393447,0,0,0,0,0.1428571429,57,0,0,0,0,0,0,0,0,57,40,20,0,0,4.6507132074,0,0,0,0,2.1232196723,0
0,4.2464393447,0,0,0,0,0.1428571429,57,0,0,0,0,0,0,0,0,57,40,20,0,0,4.6507132074,0,0,0,0,2.1232196723,0
0,4.2464393447,0,0,0,0,0.1428571429,57,0,0,0,0,0,0,0,0,57,40,20,0,0,4.6507132074,0,0,0,0,2.1232196723,0
0,4.2464393447,0,0,0,0,0.1428571429,57,0,0,0,0,0,0,0,0,57,40,20,0,0,4.6507132074,0,0,0,0,2.1232196723,0
0,4.2464393447,0,0,0,0,0.1428571429,57,0,0,0,0,0,0,0,0,57,40,20,0,0,4.6507132074,0,0,0,0,2.1232196723,0
0,4.2464393447,0,0,0,0,0.1428571429,57,0,0,0,0,0,0,0,0,57,40,20,0,0,4.6507132074,0,0,0,0,2.1232196723,0
0,4.2464393447,0,0,0,0,0.1428571429,57,0,0,0,0,0,0,0,0,57,40,20,0,0,4.6507132074,0,0,0,0,2.1232196723,0
0,4.2464393447,0,0,0,0,0.1428571429,57,0,0,0,0,0,0,0,0,57,40,20,0,0,4.6507132074,0,0,0,0,2.1232196723,0
0,4.2464393447,0,0,0,0,0.1428571429,57,0,0,0,0,0,0,0,0,57,40,20,0,0,4.6507132074,0,0,0,0,2.1232196723,0
0,4.2464393447,0,0,0,0,0.1428571429,57,0,0,0,0,0,0,0,0,57,40,20,0,0,4.6507132074,0,0,0,0,2.1232196723,0
0,4.2464393447,0,0,0,0,0.1428571429,57,0,0,0,0,0,0,0,0,57,40,20,0,0,4.6507132074,0,0,0,0,2.1232196723,0
0,4.2464393447,0,0,0,0,0.1428571429,57,0,0,0,0,0,0,0,0,57,40,20,0,0,4.6507132074,0,0,0,0,2.1232196723,0
0,4.2464393447,0,0,0,0,0.1428571429,57,0,0,0,0,0,0,0,0,57,40,20,0,0,4.6507132074,0,0,0,0,2.1232196723,0
0,4.2464393447,0,0,0,0,0.1428571429,57,0,0,0,0,0,0,0,0,57,40,20,0,0,4.6507132074,0,0,0,0,2.1232196723,0
0,4.2464393447,0,0,0,0,0.1428571429,57,0,0,0,0,0,0,0,0,57,40,20,0,0,4.6507132074,0,0,0,0,2.1232196723,0
0,4.2464393447,0,0,0,0,0.1428571429,57,0,0,0,0,0,0,0,0,57,40,20,0,0,4.6507132074,0,0,0,0,2.1232196723,0
0,4.2464393447,0,0,0,0,0.1428571429,57,0,0,0,0,0,0,0,0,57,40,20,0,0,4.6507132074,0,0,0,0,2.1232196723,0
0,4.2464393447,0,0,0,0,0.1428571429,57,0,0,0,0,0,0,0,0,57,40,20,0,0,4.6507132074,0,0,0,0,2.1232196723,0
0,4.2464393447,0,0,0,0,0.1428571429,57,0,0,0,0,0,0,0,0,57,40,20,0,0,4.6507132074,0,0,0,0,2.1232196723,0
0,4.2464393447,0,0,0,0,0.1428571429,57,0,0,0,0,0,0,0,0,57,40,20,0,0,4.6507132074,0,0,0,0,2.1232196723,0
0,4.2464393447,0,0,0,0,0.1428571429,57,0,0,0,0,0,0,0,0,57,40,20,0,0,4.6507132074,0,0,0,0,2.1232196723,0
0,4.2464393447,0,0,0,0,0.1428571429,57,0,0,0,0,0,0,0,0,57,40,20,0,0,4.6507132074,0,0,0,0,2.1232196723,0
0,4.2464393447,0,0,0,0,0.1428571429,57,0,0,0,0,0,0,0,0,57,40,20,0,0,4.6507132074,0,0,0,0,2.1232196723,0
0,4.2464393447,0,0,0,0,0.1428571429,57,0,0,0,0,0,0,0,0,57,40,20,0,0,4.6507132074,0,0,0,0,2.1232196723,0
0,4.2464393447,0,0,0,0,0.1428571429,57,0,0,0,0,0,0,0,0,57,40,20,0,0,4.6507132074,0,0,0,0,2.1232196723,0
0,4.2464393447,0,0,0,0,0.1428571429,57,0,0,0,0,0,0,0,0,57,40,20,0,0,4.6507132074,0,0,0,0,2.1232196723,0
0,4.2464393447,0,0,0,0,0.1428571429,57,0,0,0,0,0,0,0,0,57,40,20,0,0,4.6507132074,0,0,0,0,2.1232196723,0
0,4.2464393447,0,0,0,0,0.1428571429,57,0,0,0,0,0,0,0,0,57,40,20,0,0,4.6507132074,0,0,0,0,2.1232196723,0
0,4.2464393447,0,0,0,0,0.1428571429,57,0,0,0,0,0,0,0,0,57,40,20,0,0,4.6507132074,0,0,0,0,2.1232196723,0
0,4.2464393447,0,0,0,0,0.1428571429,57,0,0,0,0,0,0,0,0,57,40,20,0,0,4.6507132074,0,0,0,0,2.1232196723,0
0,4.2464393447,0,0,0,0,0.1428571429,57,0,0,0,0,0,0,0,0,57,40,20,0,0,4.6507132074,0,0,0,0,2.1232196723,0
0,4.7382453351,0,0,0,0,0.1818181818,117,0,1,0,0,0,0,0,0,117,84,42,0,0,4.9019035586,0,0,0,0,2.3691226676,2.5423728814
0,6.0090419645,0,0,0,0,0.0758122744,5251,0,8,0,0,26,0,0,0,237.727272727,786,61.7323943662,0,4,6.1948491833,1,0,0,0,3.0191820362,1.8160963487
0,5.9696241078,0,0,0,0,0.0677290837,5103,0,8,0,0,26,0,0,0,231,791,63.5,0,4,6.1772114132,1,0,0,0,3.0164965697,1.8296281723
0,5.9648714383,0,0,0,0,0.0758122744,5282,0,8,0,0,26,0,0,0,239.136363636,791,62.1690140845,0,4,6.1696840726,1,0,0,0,3.0054601873,1.8053971874
92,4.8024522421,0,1,1,0,0.04,78604,89,13,0,0,100,20,2,3,458.678362573,322,8.7997737557,5,209,5.3860406525,1,0,20,0,2.111509283,1.4763817174
0,2.5,0,0,0,0,0,4288,0,0,0,0,0,0,0,0,4288,13,4.1483870968,0,38,3.0214101634,0,0,0,0,1.0284629468,0
0,4.3120026904,1,0,0,0,0.12,495,0,1,0,0,1,0,0,0,81.6666666667,280,94,0,1,5.2850108313,0,1,0,0,1.4373342301,5.0916496945
0,2.5,0,0,0,0,0,4288,0,0,0,0,0,0,0,0,4288,13,4.1483870968,0,38,3.0214101634,0,0,0,0,1.0284629468,0
0,2.5,0,0,0,0,0,4288,0,0,0,0,0,0,0,0,4288,13,4.1483870968,0,38,3.0214101634,0,0,0,0,1.0284629468,0
0,2.5,0,0,0,0,0,4288,0,0,0,0,0,0,0,0,4288,13,4.1483870968,0,38,3.0214101634,0,0,0,0,1.0284629468,0
9,4.7256507561,0,0,0,0,0.042074364,7202,5,19,0,0,1,6,0,0,1799.75,65,21.2162162162,0,11,5.2268884281,0,0,0,0,2.8951195485,2.8055555556
0,4.6386629031,0,0,0,0,0.0454545455,1239,4,2,0,0,6,0,0,0,309,80,13.6956521739,0,0,5.4276065687,0,0,5,0,2.6955533856,0.8084074373
0,4.5609904516,1,0,0,0,0,122,0,1,0,0,0,0,0,0,122,95,47.5,0,0,4.8283301708,0,1,0,0,2.2804952258,1.6260162602
0,4.5548394068,0,0,0,0,0.0454545455,1238,4,2,0,0,6,0,0,0,308.75,78,13.652173913,0,0,5.4230267721,0,0,5,0,2.6920298539,0.8090614887
31,4.8420575996,0,0,0,0,0.0589906417,18259,46,5,0,0,25,3,0,1,2027.88888889,299,11.8592964824,4,34,5.5343544866,2,0,7,0,2.2605744964,1.8902038133
9,4.7256507561,0,0,0,0,0.042074364,7202,5,19,0,0,1,6,0,0,1799.75,65,21.2162162162,0,11,5.2268884281,0,0,0,0,2.8951195485,2.8055555556
0,4.6126490396,0,0,0,0,0.0418719212,1545,4,2,0,0,6,0,0,0,385.5,80,13.1851851852,0,0,5.422970531,0,0,5,0,2.7421486992,0.64808814
0,4.6815620264,0,0,0,0,0.0454545455,1250,4,2,0,0,6,0,0,0,311.75,91,14.1739130435,0,0,5.4145089276,0,0,5,0,2.6974185648,0.8012820513
0,4.7680481958,0,0,0,0,0,87,0,1,0,0,0,0,0,0,28.3333333333,66,33,0,0,5.0435342319,0,0,0,0,2.3840240979,4.6511627907
347,6.0362384442,2,40,35,0,0.0562239704,400728,152,119,4,0,1753,5,5,83,22261.7222222,36633,30.4821842716,39,982,5.583252047,54,1,46,0,2.4319892513,1.8594401965
0,5.9699067958,0,0,0,0,0.0794223827,5231,0,8,0,0,26,0,0,0,236.818181818,803,61.4507042254,0,4,6.1774613697,1,0,0,0,3.0082262651,1.8230665899
0,4.9105926107,0,2,2,0,0.1538461538,273,0,2,0,0,0,0,0,0,53.8,109,45.75,0,1,5.1530777597,0,0,0,0,2.3706202016,7.037037037
0,4.737820198,0,2,2,0,0.1428571429,175,1,1,0,0,0,0,0,0,43,76,24,0,0,5.0926086672,0,0,0,0,2.6277725004,2.8901734104
0,5.983432274,0,0,0,0,0.0677290837,5088,0,8,0,0,25,0,0,0,230.318181818,787,64.1940298507,0,4,6.1879044764,1,0,0,0,3.0316169014,1.8350434096
1,4.361606276,0,1,1,0,0.0856423174,6448,4,5,0,0,11,0,0,0,37.8493975904,68,16.8157894737,1,1,4.8598300863,1,0,0,0,3.0977511611,23.6632718014
0,3.9262723741,0,0,0,0,0.0440251572,823,3,0,0,0,1,0,0,0,44.7777777778,29,11.9333333333,0,2,5.1975897854,0,0,0,0,2.8252657376,8.7980173482
1,4.361606276,0,1,1,0,0.0856423174,6448,4,5,0,0,11,0,0,0,37.8493975904,68,16.8157894737,1,1,4.8598300863,1,0,0,0,3.0977511611,23.6632718014
0,3.9262723741,0,0,0,0,0.0440251572,823,3,0,0,0,1,0,0,0,44.7777777778,29,11.9333333333,0,2,5.1975897854,0,0,0,0,2.8252657376,8.7980173482
0,4.6605132379,0,0,0,0,0.0454545455,1234,4,2,0,0,6,0,0,0,307.75,75,13.4782608696,0,0,5.4259304834,0,0,5,0,2.6965034001,0.8116883117
8,5.0892237709,0,0,0,0,0.1131241715,34094,0,4,22,0,16,0,0,3,39.3969194313,103,11.2403314917,3,58,5.0987233724,1,0,0,0,2.5044240601,15.2321664862
11,4.2942460132,0,3,3,0,0.0553674567,16307,5,8,1,0,16,2,0,0,1253.46153846,60,11.5342465753,7,27,5.3565831237,1,0,4,0,2.5303416308,1.7857142857
1,4.3841837198,0,0,0,0,0.1026908292,9632,1,3,2,0,4,1,0,0,26.058988764,82,14.141025641,0,10,5.1743175137,0,0,0,0,2.8957643748,4.6777322699
0,4.6314625971,0,0,0,0,0.0454545455,1238,4,2,0,0,6,0,0,0,308.75,79,13.652173913,0,0,5.4268486194,0,0,5,0,2.6952403288,0.8090614887
16,4.604703199,4,3,2,0,0.0693946425,31060,21,13,1,0,18,1,2,35,38.6692209451,153,14.2156862745,0,32,4.9373778799,0,1,8,0,2.3933806166,25.5820865947
0,4.8841875695,0,2,2,0,0.1818181818,169,0,2,0,0,0,0,0,0,84,96,49,0,0,5.1590697767,0,0,0,0,3.0569687845,2.3668639053
0,4.6910408928,0,0,0,0,0.0454545455,1236,4,2,0,0,6,0,0,0,308.25,77,13.5652173913,0,0,5.424127605,0,0,5,0,2.6978306895,0.8103727715
0,4.1463762207,0,0,0,0,0.0836820084,1586,0,1,0,0,7,0,1,0,38.675,44,11.3703703704,0,2,4.3483014494,0,0,0,0,2.8503350537,35.5297157623
0,-1,0,0,0,0,0,0,0,0,0,0,0,0,0,0,0,0,0,0,0,0,0,0,0,0,0,0
0,-1,0,0,0,0,0,0,0,0,0,0,0,0,0,0,0,0,0,0,0,0,0,0,0,0,0,0
1,3.6897037322,0,0,0,0,0.1142857143,346,0,0,0,0,1,0,0,0,114.666666667,21,10.5,0,0,5.0418613052,0,0,0,0,2.5437681186,3.768115942
0,5.660195494,0,0,0,0,0.0454545455,382,2,1,0,0,0,0,0,0,382,195,66.6666666667,0,0,5.7405347155,0,0,0,0,2.5273745296,1.044386423
0,5.975467606,0,0,0,0,0.0700389105,5198,0,9,0,0,27,0,0,0,235.318181818,767,62.0563380282,0,4,6.1779283659,1,0,0,0,3.0416899601,1.8539976825
0,5.9753816752,0,0,0,0,0.0756972112,5089,0,8,0,0,26,0,0,0,230.363636364,787,63.3235294118,0,4,6.190567429,1,0,0,0,3.04893134,1.8346813967
1,4.361606276,0,1,1,0,0.0856423174,6448,4,5,0,0,11,0,0,0,37.8493975904,68,16.8157894737,1,1,4.8598300863,1,0,0,0,3.0977511611,23.6632718014
0,3.9262723741,0,0,0,0,0.0440251572,823,3,0,0,0,1,0,0,0,44.7777777778,29,11.9333333333,0,2,5.1954069917,0,0,0,0,2.8252657376,8.7980173482
0,5.9609749219,0,0,0,0,0.0866425993,5181,0,8,0,0,26,0,0,0,234.545454545,787,60.7183098592,0,4,6.1928961114,1,0,0,0,2.9566652214,1.840728541
0,5.9853254941,0,0,0,0,0.0637450199,5088,0,8,0,0,25,0,0,0,230.318181818,777,64.1940298507,0,4,6.182228412,1,0,0,0,3.0366836213,1.8350434096
0,5.9842987641,0,0,0,0,0.0677290837,5138,0,8,0,0,25,0,0,0,232.590909091,781,64.9104477612,0,4,6.1758816551,1,0,0,0,3.0237203302,1.817116061
10,5.5432958341,0,3,3,0,0.0679801474,22655,18,5,0,0,22,0,0,3,7551,220,11,4,50,5.3182053304,0,0,12,0,2.194707086,1.7038933522
0,4.6918779936,0,0,0,0,0.0454545455,1228,4,2,0,0,6,0,0,0,306.25,69,13.2173913043,0,0,5.4244834659,0,0,5,0,2.6978670852,0.8156606852
1,1.4229892249,0,0,0,0,0.0291262136,900,0,1,1,0,2,0,0,0,299.333333333,650,83.25,0,6,3.2346489952,0,0,0,0,0.6370215701,0.3337041157
0,5.9982755294,0,0,0,0,0.0974729242,5481,0,10,0,0,26,0,0,0,248.181818182,790,64.9436619718,0,4,6.1906948677,1,0,0,0,3.0272880123,1.7396081304
0,5.9940627211,0,0,0,0,0.0974729242,5469,0,10,0,0,26,0,0,0,247.636363636,780,64.7746478873,0,4,6.1715292552,1,0,0,0,3.0231805633,1.7434391632
0,5.0787700263,0,0,0,0,0.2142857143,220,0,1,0,0,0,0,0,0,72.6666666667,166,83,0,0,5.220027181,0,0,0,0,2.5393850131,8.6757990868
0,5.1126339907,0,0,0,0,0.1428571429,186,0,1,0,0,0,0,0,0,61.3333333333,167,83.5,0,0,5.178373714,0,0,0,0,2.5563169954,7.5675675676
0,5.9863539974,0,0,0,0,0.0794223827,5263,0,8,0,0,26,0,0,0,238.272727273,760,61.8732394366,0,4,6.1870033349,1,0,0,0,3.0218728052,1.8310127789
0,5.3532940392,0,0,0,0,0.2782608696,1637,0,5,0,0,23,0,0,0,326.6,278,47.4583333333,0,8,5.7340210894,0,0,0,0,2.3129098454,7.7723378213
0,4.981724456,0,0,0,0,0.0454545455,1274,4,2,0,0,6,0,0,0,317.75,115,15.2173913043,0,0,5.4490661415,0,0,5,0,2.7104691053,0.786163522
0,4.3755360279,0,0,0,0,0.0454545455,1222,4,2,0,0,6,0,0,0,304.75,63,12.9565217391,0,0,5.4077227667,0,0,5,0,2.6841130866,0.8196721311
0,-1,0,0,0,0,0,0,0,0,0,0,0,0,0,0,0,0,0,0,0,0,0,0,0,0,0,0
0,5.549312904,0,0,0,0,0,486,0,2,0,0,1,0,0,0,80.1666666667,347,137.666666667,0,0,5.8530702402,0,0,0,0,3.3884848537,4.5643153527
2,4.6771964263,0,0,0,0,0.04784689,998,4,1,0,0,2,0,0,0,33.4482758621,91,13.7,0,3,5.0804199042,0,0,0,0,2.0122020399,8.2389289392
0,4.6885114442,0,0,0,0,0.0454545455,1234,4,2,0,0,6,0,0,0,307.75,75,13.4782608696,0,0,5.422449743,0,0,5,0,2.6977207134,0.8116883117
2,4.8782128247,0,0,0,0,0.032967033,21097,0,2,1,0,0,0,0,0,1317.625,19858,2584.625,0,1,5.0218159709,0,0,0,0,1.7948288444,5.0704358962
33,4.8650667627,0,0,0,0,0.0710520284,19082,51,10,0,0,26,3,0,2,6360,156,12.3696682464,1,55,5.2106447042,2,0,3,0,2.2722908329,1.4831507783
0,4.6848486146,0,0,0,0,0.0418719212,1546,4,2,0,0,6,0,0,0,385.75,81,13.2222222222,0,0,5.4237724249,0,0,5,0,2.7448227575,0.6476683938
11,4.3984231186,3,0,0,0,0.0452290633,35953,4,6,0,0,46,0,1,0,3993.88888889,135,12.123364486,6,46,5.1805521709,0,0,0,0,2.6867080955,1.1433817393
0,4.4330300681,0,0,0,0,0.0689655172,209,0,1,0,0,2,0,0,0,25.25,53,15.3333333333,0,0,4.9245253259,0,0,0,0,2.5960853886,9.8522167488
0,4.6176835663,0,0,0,0,0.0454545455,1228,4,2,0,0,6,0,0,0,306.25,69,13.2173913043,0,0,5.4211151372,0,0,5,0,2.6946412405,0.8156606852
1,4.0391486719,0,0,0,0,0.0742574257,1232,1,0,0,0,11,0,0,0,52.6086956522,28,9.5555555556,0,3,5.0474311798,0,0,0,0,2.5722417141,15.7720891825
0,5.9799427984,0,0,0,0,0.0758122744,5227,0,8,0,0,26,0,0,0,236.636363636,775,61.3661971831,0,4,6.1887568647,1,0,0,0,3.0029479065,1.8244670636
0,5.979183771,0,0,0,0,0.0758122744,5257,0,8,0,0,26,0,0,0,238,793,61.7887323944,0,4,6.1769060644,1,0,0,0,3.0039391652,1.8140156578
0,-1,0,0,0,0,0,0,0,0,0,0,0,0,0,0,0,0,0,0,0,0,0,0,0,0,0,0
0,-1,0,0,0,0,0,0,0,0,0,0,0,0,0,0,0,0,0,0,0,0,0,0,0,0,0,0
0,4.3349625007,0,0,0,0,0.0458970793,2753,0,1,0,0,7,0,0,0,1376,721,27.1470588235,0,10,5.5000725614,3,0,0,0,1.9040529154,0.8717762441
0,-1,0,0,0,0,0,0,0,0,0,0,0,0,0,0,0,0,0,0,0,0,0,0,0,0,0,0
0,3.9736606897,0,0,0,0,0.0555555556,253,0,0,0,0,1,0,0,0,62.5,25,12.5,0,0,4.877389587,0,0,0,0,1.9868303448,3.5856573705
0,4.3491917709,0,1,1,0,0.0190766883,5398,5,0,0,0,49,0,0,0,5398,31,5.8118811881,1,17,5.2862513373,0,0,4,0,1.6735555409,0.8705315799
0,2.2516291674,0,0,0,0,0.1578947368,546,0,0,0,0,2,0,0,0,272.5,6,2.5,0,3,5.1951979926,0,0,0,0,0.5629072918,2.1978021978
0,4.2098671219,0,0,0,0,0.1111111111,361,0,0,0,0,0,0,0,0,361,26,7.8571428571,0,2,5.0735716752,0,0,0,0,1.7240142038,0.5524861878
0,5.2528079071,0,0,0,0,0.0353697749,1474,3,3,0,0,14,0,0,0,736.5,122,14,2,2,5.5318396214,1,0,0,0,2.4374497427,1.4925373134
0,4.3349625007,0,0,0,0,0.0458970793,2776,0,1,0,0,7,0,0,0,1387.5,747,27.8235294118,0,10,5.4903094704,3,0,0,0,1.873772053,0.8645533141
0,-1,0,0,0,0,0,0,0,0,0,0,0,0,0,0,0,0,0,0,0,0,0,0,0,0,0,0
0,3.9736606897,0,0,0,0,0.0555555556,253,0,0,0,0,1,0,0,0,62.5,25,12.5,0,0,4.877389587,0,0,0,0,1.9868303448,3.5856573705
0,4.3491917709,0,1,1,0,0.0190766883,5398,5,0,0,0,49,0,0,0,5398,31,5.8118811881,1,17,5.2862513373,0,0,4,0,1.6735555409,0.8705315799
0,2.2516291674,0,0,0,0,0.1578947368,546,0,0,0,0,2,0,0,0,272.5,6,2.5,0,3,5.1951979926,0,0,0,0,0.5629072918,2.1978021978
0,4.2098671219,0,0,0,0,0.1111111111,361,0,0,0,0,0,0,0,0,361,26,7.8571428571,0,2,5.0735716752,0,0,0,0,1.7240142038,0.5524861878
0,5.2528079071,0,0,0,0,0.0321543408,1472,3,3,0,0,14,0,0,0,735.5,122,13.9607843137,2,2,5.5538719383,1,0,0,0,2.4338466029,1.4945652174
0,-1,0,0,0,0,0,1,0,0,0,0,0,0,0,0,0,0,0,0,0,0,0,0,0,0,0,0
0,-1,0,0,0,0,0,1,0,0,0,0,0,0,0,0,0,0,0,0,0,0,0,0,0,0,0,0
7,4.2584532055,1,0,0,0,0.0574534161,3623,4,1,0,0,2,2,0,0,1811,83,9.3714285714,2,9,5.2258869832,0,0,2,0,2.173432904,2.3185205631
0,4.6079767072,0,0,0,0,0.0648854962,2475,4,1,0,0,7,0,0,0,37.0923076923,45,10.6666666667,0,0,3.9156726845,0,0,4,0,2.4218076842,45.8540630182
0,4.2086949696,0,0,0,0,0.0425120773,4222,12,0,0,0,9,0,0,0,350.916666667,40,8.4,1,6,5.1825696212,0,0,6,0,2.234447249,1.8281101614
0,2.7219280949,0,0,0,0,0,53,0,0,0,0,2,0,0,0,8,10,4.6666666667,0,0,4.499252238,0,0,0,0,1.407309365,8.1632653061
0,2.9477027792,0,0,0,0,0,52,0,0,0,0,2,0,0,0,7.8333333333,9,4.3333333333,0,0,4.3951646608,0,0,0,0,1.4825675931,8.3333333333
0,4.8740027951,0,0,0,0,0.1666666667,278,0,2,0,0,2,0,0,0,33.875,68,42.3333333333,0,0,5.4877504655,0,0,0,0,3.2254685553,11.3970588235
0,3.2389012566,0,0,0,0,0.1818181818,579,0,0,0,0,0,0,0,0,47.3333333333,18,14.7142857143,0,0,4.7993590589,0,0,0,0,2.16531421,6.6783831283
0,3.0850551028,0,0,0,0,0.2857142857,52,0,0,0,0,1,0,0,0,9.6,13,6.5,0,0,4.5654483718,0,0,0,0,1.5425275514,4.0816326531
0,4.0086332429,0,0,0,0,0.0595238095,428,4,1,0,0,0,0,0,0,38,55,14.2857142857,0,0,4.6203869233,0,0,0,0,2.4396748978,22.9116945107
22,6.0362384442,12,3,3,0,0.0593173937,16902,14,3,0,0,59,1,1,0,3379.6,67,6.3984575836,2,173,5.5552481916,1,5,4,0,1.5329079939,1.6450677555
2,3.2776134368,0,0,0,0,0.0872483221,552,0,0,1,0,0,1,0,0,552,11,4,0,5,5.038097244,0,0,0,0,1.1794652963,2.8933092224
1,4.2046525451,0,0,0,0,0.0505617978,627,1,1,0,0,0,0,1,0,627,43,11.8,0,0,4.9532411625,2,0,4,0,2.041582176,1.5923566879
0,3.2776134368,0,0,0,0,0.0263157895,833,0,0,0,0,2,0,0,0,40.7,11,5.3333333333,0,0,3.9795682165,0,0,0,0,1.7331805106,46.9938650307
0,3.6424896732,0,0,0,0,0.24,212,0,0,0,0,0,0,0,0,22.6666666667,23,14.25,0,0,4.2960513674,0,0,0,0,2.5849123492,34.1463414634
0,4.2645783739,0,0,0,0,0,52,0,0,0,0,0,0,0,0,52,35,17.5,0,0,4.6953500546,0,0,0,0,2.132289187,1.8867924528
0,3.095795255,0,0,0,0,0,200,0,0,0,0,0,0,0,0,27.7142857143,11,5.5,0,0,2.9058362124,0,0,0,0,1.5478976275,59.4871794872
0,-1,0,0,0,0,0.2307692308,42,0,0,0,0,0,0,0,0,42,0,0,0,0,4.1572149709,0,0,0,0,0,9.3023255814
0,3.095795255,0,0,0,0,0,200,0,0,0,0,0,0,0,0,27.7142857143,11,5.5,0,0,2.9058362124,0,0,0,0,1.5478976275,59.4871794872
0,-1,0,0,0,0,0.2307692308,42,0,0,0,0,0,0,0,0,42,0,0,0,0,4.1572149709,0,0,0,0,0,9.3023255814
0,-1,0,0,0,0,0.2307692308,42,0,0,0,0,0,0,0,0,42,0,0,0,0,4.1572149709,0,0,0,0,0,9.3023255814
0,4.4370329007,0,0,0,0,0.1428571429,279,0,1,0,0,3,0,0,0,34,63,20.75,0,0,3.116570095,0,0,0,0,2.6263167753,57.8754578755
0,2.725480557,0,0,0,0,0.3,221,2,0,0,0,0,0,0,0,43.4,9,5,0,0,4.6777297676,0,0,0,0,1.6590365748,19.7247706422
0,4.6857695953,0,0,0,0,0.2396226415,10779,24,28,0,0,8,0,0,0,57.2702702703,51,20.3028169014,0,4,3.5038652892,0,0,0,0,3.0733341108,54.9452623632
0,-1,0,0,0,0,0.1666666667,898,0,0,0,0,0,0,0,0,33.5769230769,0,0,0,0,4.9942595212,0,0,0,0,0,11.8993135011
0,-1,0,0,0,0,0.2307692308,116,0,0,0,0,0,0,0,0,38,0,0,0,0,2.3690431158,0,0,0,0,0,66.0869565217
0,-1,0,0,0,0,0.2307692308,116,0,0,0,0,0,0,0,0,38,0,0,0,0,2.3690431158,0,0,0,0,0,66.0869565217
0,-1,0,0,0,0,0.2307692308,116,0,0,0,0,0,0,0,0,38,0,0,0,0,2.3690431158,0,0,0,0,0,66.0869565217
0,-1,0,0,0,0,0.2307692308,116,0,0,0,0,0,0,0,0,38,0,0,0,0,2.3690431158,0,0,0,0,0,66.0869565217
0,4.9492483303,1,0,0,0,0.1102040816,1879,2,5,0,0,4,0,0,5,33.1818181818,126,27.3103448276,0,6,5.4502228774,0,0,3,0,2.481182323,6.1336254107
0,4.3635210323,0,0,0,0,0.0714285714,188,0,1,0,0,3,0,0,0,22.625,48,15,0,0,4.0737642246,0,0,0,0,2.2017724409,37.3626373626
2,3.5724312513,0,0,0,0,0.0503432494,5628,2,0,0,0,4,0,0,0,42.3,21,9.1923076923,1,4,3.8021699189,0,0,3,0,2.3226755698,49.2909090909
7,5.0997931988,0,0,0,0,0.0717009916,15542,7,3,1,0,33,0,1,0,62.1829268293,273,11.8888888889,5,28,4.4510376221,14,0,0,0,2.2374226345,36.5603346843
0,-1,0,0,0,0,0.2307692308,42,0,0,0,0,0,0,0,0,42,0,0,0,0,4.1572149709,0,0,0,0,0,9.3023255814
0,-1,0,0,0,0,0.2307692308,42,0,0,0,0,0,0,0,0,42,0,0,0,0,4.1572149709,0,0,0,0,0,9.3023255814
0,-1,0,0,0,0,0.2307692308,42,0,0,0,0,0,0,0,0,42,0,0,0,0,4.1572149709,0,0,0,0,0,9.3023255814
0,-1,0,0,0,0,0.2307692308,42,0,0,0,0,0,0,0,0,42,0,0,0,0,4.1572149709,0,0,0,0,0,9.3023255814
0,-1,0,0,0,0,0.2307692308,42,0,0,0,0,0,0,0,0,42,0,0,0,0,4.1572149709,0,0,0,0,0,9.3023255814
0,-1,0,0,0,0,0.2307692308,42,0,0,0,0,0,0,0,0,42,0,0,0,0,4.1572149709,0,0,0,0,0,9.3023255814
0,-1,0,0,0,0,0.2307692308,42,0,0,0,0,0,0,0,0,42,0,0,0,0,4.1572149709,0,0,0,0,0,9.3023255814
0,-1,0,0,0,0,0.2307692308,42,0,0,0,0,0,0,0,0,42,0,0,0,0,4.1572149709,0,0,0,0,0,9.3023255814
0,3.095795255,0,0,0,0,0,169,0,0,0,0,0,0,0,0,33,11,5.5,0,0,2.8501536027,0,0,0,0,1.5478976275,60.2409638554
0,3.788754914,0,0,0,0,0.0175438596,1543,0,0,0,0,2,0,0,0,56.1851851852,23,14.6,0,0,3.2840873492,0,0,0,0,2.5906068189,58.8932806324
0,-1,0,0,0,0,0.2307692308,42,0,0,0,0,0,0,0,0,42,0,0,0,0,4.1572149709,0,0,0,0,0,9.3023255814
3,4.5803075406,0,0,0,0,0.0960451977,1687,0,1,0,0,9,0,0,0,44.6216216216,45,10.0625,0,3,3.5770819061,0,0,0,0,2.2979341208,54.0556900726
0,4.9221855562,1,0,0,0,0.114893617,1584,2,3,0,0,4,0,0,5,28.9056603774,126,21.64,0,6,5.378354086,0,0,3,0,2.2962180313,7.3059360731
0,4.1136085007,0,0,0,0,0.0464285714,6690,2,0,0,0,17,0,0,0,52.1031746032,32,12.3684210526,0,4,3.5866877619,0,0,6,0,2.5706136228,54.8279013098
0,3.7192945257,0,0,0,0,0.0175438596,1568,0,0,0,0,2,0,0,0,57.1111111111,27,17,0,0,3.3521784823,0,0,0,0,2.5930176731,57.9390797148
0,-1,0,0,0,0,0.2307692308,42,0,0,0,0,0,0,0,0,42,0,0,0,0,4.1572149709,0,0,0,0,0,9.3023255814
0,4.3952198378,0,0,0,0,0.1276595745,1132,0,1,0,0,2,0,0,0,38.0689655172,65,19.6666666667,0,0,4.4245929133,0,0,0,0,2.7768465234,35.5656108597
0,-1,0,0,0,0,0.2307692308,42,0,0,0,0,0,0,0,0,42,0,0,0,0,4.1572149709,0,0,0,0,0,9.3023255814
0,-1,0,0,0,0,0.2307692308,42,0,0,0,0,0,0,0,0,42,0,0,0,0,4.1572149709,0,0,0,0,0,9.3023255814
0,3.3735572623,0,0,0,0,0.0512820513,196,0,0,0,0,1,0,0,0,18.7,15,8.75,0,0,5.4630426056,0,0,0,0,2.1672606549,4.2553191489
0,3.8553885422,0,0,0,0,0.0175438596,1549,0,0,0,0,2,0,0,0,56.4074074074,25,15.8,0,0,3.2981247254,0,0,0,0,2.6290058033,58.6614173228
0,-1,0,0,0,0,0.2307692308,42,0,0,0,0,0,0,0,0,42,0,0,0,0,4.1572149709,0,0,0,0,0,9.3023255814
0,-1,0,0,0,0,0.2307692308,42,0,0,0,0,0,0,0,0,42,0,0,0,0,4.1572149709,0,0,0,0,0,9.3023255814
0,3.8634651896,0,0,0,0,0.0175438596,1564,0,0,0,0,2,0,0,0,59.1923076923,26,16.4,0,0,3.3540100022,0,0,0,0,2.6871793518,58.0519480519
0,4.6720420085,0,0,0,0,0.2698412698,1160,1,8,0,0,1,0,0,0,43.6538461538,61,24.6666666667,0,2,4.4227292884,0,0,0,0,3.074547698,34.9471830986
0,-1,0,0,0,0,0.2307692308,42,0,0,0,0,0,0,0,0,42,0,0,0,0,4.1572149709,0,0,0,0,0,9.3023255814
0,-1,0,0,0,0,0.2307692308,42,0,0,0,0,0,0,0,0,42,0,0,0,0,4.1572149709,0,0,0,0,0,9.3023255814
0,4.9216125406,0,1,0,0,0.1276595745,458,0,1,0,0,3,0,0,1,29.6,86,19.3333333333,0,3,4.6786382361,0,0,0,0,2.1042284423,29.8876404494
0,-1,0,0,0,0,0.2307692308,41,0,0,0,0,0,0,0,0,41,0,0,0,0,4.0923251026,0,0,0,0,0,9.5238095238
0,-1,0,0,0,0,0.2307692308,41,0,0,0,0,0,0,0,0,41,0,0,0,0,4.0923251026,0,0,0,0,0,9.5238095238
0,4.8702537117,0,0,0,0,0.2352941176,404,0,1,0,0,0,0,0,1,35.8181818182,139,24.7142857143,0,1,4.5759224166,0,0,0,0,2.2524697768,28.6075949367
0,4.8702537117,0,0,0,0,0.2352941176,407,0,1,0,0,0,0,0,1,36.0909090909,139,24.7142857143,0,1,4.5556408678,0,0,0,0,2.2524697768,29.1457286432
0,-1,0,0,0,0,0.2307692308,42,0,0,0,0,0,0,0,0,42,0,0,0,0,4.1572149709,0,0,0,0,0,9.3023255814
0,-1,0,0,0,0,0.2307692308,42,0,0,0,0,0,0,0,0,42,0,0,0,0,4.1572149709,0,0,0,0,0,9.3023255814
0,3.8035088548,0,0,0,0,0.0175438596,1562,0,0,0,0,2,0,0,0,56.8888888889,25,15.8,0,0,3.331650942,0,0,0,0,2.6385516658,58.1652569941
0,-1,0,0,0,0,0.2307692308,42,0,0,0,0,0,0,0,0,42,0,0,0,0,4.1572149709,0,0,0,0,0,9.3023255814
0,-1,0,0,0,0,0.2307692308,42,0,0,0,0,0,0,0,0,42,0,0,0,0,4.1572149709,0,0,0,0,0,9.3023255814
0,-1,0,0,0,0,0.2307692308,42,0,0,0,0,0,0,0,0,42,0,0,0,0,4.1572149709,0,0,0,0,0,9.3023255814
0,3.6368421881,0,0,0,0,0.055,1253,0,0,0,0,6,0,0,0,35.8823529412,24,10.6923076923,0,2,5.555796202,0,0,0,0,2.2538622103,6.8796068796
0,-1,0,0,0,0,0.2307692308,42,0,0,0,0,0,0,0,0,42,0,0,0,0,4.1572149709,0,0,0,0,0,9.3023255814
0,4.0591596337,0,0,0,0,0.0487804878,447,4,1,0,0,0,0,0,0,39.7272727273,77,17.4285714286,0,0,4.6300503054,0,0,0,0,2.4536330206,21.6894977169
0,-1,0,0,0,0,0.2307692308,73,0,0,0,0,0,0,0,0,17.5,0,0,0,0,4.0931307229,0,0,0,0,0,33.8028169014
0,4.6775851705,0,0,0,0,0.0505709625,7045,4,3,0,0,23,0,1,1,84.9268292683,74,9.9230769231,0,11,4.9222122732,6,0,3,0,2.2885267514,27.5807609476
0,4.46737292,0,0,0,0,0.1594202899,10307,1,86,0,0,95,0,0,0,38.6461538462,59,32.6524822695,0,3,4.6648741843,0,0,0,0,3.2871675894,28.6197631605
3,3.9090151679,0,0,0,0,0.0619469027,843,1,1,0,0,3,0,0,0,30.2592592593,48,8.25,0,8,4.3367008686,0,0,0,0,1.5947397106,37.7750611247
0,-1,0,0,0,0,0.0526315789,407,0,0,1,0,0,0,0,0,407,0,0,0,0,4.7745609645,0,0,0,0,0,5.8823529412
0,-1,0,0,0,0,0.2105263158,73,0,0,0,0,0,0,0,0,73,0,0,0,0,4.6657371484,0,0,0,0,0,8.1081081081
0,-1,0,0,0,0,0.2105263158,73,0,0,0,0,0,0,0,0,73,0,0,0,0,4.5718364227,0,0,0,0,0,8.1081081081
0,-1,0,0,0,0,0.2,107,0,0,0,0,0,0,0,0,107,0,0,0,0,4.7945631009,0,0,0,0,0,7.4074074074
0,-1,0,0,0,0,0.2272727273,145,0,0,0,0,0,0,0,0,23.3333333333,0,0,0,0,4.455796773,0,0,0,0,0,24.8226950355
0,-1,0,0,0,0,0.2307692308,42,0,0,0,0,0,0,0,0,42,0,0,0,0,4.1572149709,0,0,0,0,0,9.3023255814
0,-1,0,0,0,0,0.1904761905,109,0,0,0,0,0,0,0,0,14.7142857143,0,0,0,0,4.3483123932,0,0,0,0,0,25.9615384615
0,4.1978528333,0,0,0,0,0.0714285714,124,0,1,0,0,3,0,0,0,16.8571428571,53,17.5,0,0,4.7727970421,0,0,0,0,2.3011858572,8.4033613445
0,3.0849625007,0,0,0,0,0,104,0,0,0,0,1,0,0,0,12.125,12,6,0,0,4.6465968693,0,0,0,0,1.5424812504,14.2857142857
0,4.1324814669,0,0,0,0,0.0909090909,88,0,1,0,0,2,0,0,0,13.8333333333,49,19,0,0,4.7311668188,0,0,0,0,2.294160489,1.1904761905
0,-1,0,0,0,0,0.125,28,0,0,0,0,0,0,0,0,28,0,0,0,0,3.7943360658,0,0,0,0,0,0
0,3.1820058148,0,0,0,0,0.2272727273,136,0,0,0,0,1,0,0,0,18.5714285714,14,7,0,0,4.3460999506,0,0,0,0,1.5910029074,22.9007633588
0,3.0269868334,0,0,0,0,0.2272727273,158,0,0,0,0,1,0,0,0,21.7142857143,13,6.5,0,0,4.4751001542,0,0,0,0,1.5134934167,18.954248366
0,4.6534248521,0,0,0,0,0.0961538462,346,3,1,0,0,1,0,0,0,37.5555555556,64,15.8333333333,0,0,5.1650506197,0,0,0,0,2.5171261331,8.8495575221
0,4.3149151813,0,0,0,0,0.1168831169,2328,8,3,0,0,11,0,0,0,2328,47,14.1290322581,1,8,5.2644836775,0,0,0,0,2.4635279145,1.8462859596
7,4.6393593384,6,0,0,0,0.1192170819,5105,0,2,1,0,58,0,0,0,1701,99,14.1257861635,0,76,5.3914520226,0,1,0,0,2.3617478147,1.6849529781
0,4.1080121273,0,0,0,0,0.0487804878,367,4,1,0,0,0,0,0,0,32.4545454545,59,15.2857142857,0,0,5.0105697679,0,0,0,0,2.474376875,8.3798882682
0,4.3349625007,0,0,0,0,0.0458970793,2695,0,1,0,0,7,0,0,0,1347,666,25.4411764706,0,10,5.5071299391,3,0,0,0,1.873548186,0.8905380334
0,-1,0,0,0,0,0,0,0,0,0,0,0,0,0,0,0,0,0,0,0,0,0,0,0,0,0,0
0,3.9736606897,0,0,0,0,0.0555555556,253,0,0,0,0,1,0,0,0,62.5,25,12.5,0,0,4.877389587,0,0,0,0,1.9868303448,3.5856573705
0,4.3491917709,0,1,1,0,0.0190766883,5398,5,0,0,0,49,0,0,0,5398,31,5.8118811881,1,17,5.2862513373,0,0,4,0,1.6735555409,0.8705315799
0,2.2516291674,0,0,0,0,0.1578947368,546,0,0,0,0,2,0,0,0,272.5,6,2.5,0,3,5.1897661204,0,0,0,0,0.5629072918,2.1978021978
134,4.8499485152,13,3,3,0,0.040350438,138251,62,34,15,83,254,21,0,5,8131.47058824,140,9.6529774127,0,273,5.4524097302,1,9,0,0,2.0481178713,1.4287161087
0,2.725480557,0,0,0,0,0.1607142857,249,0,0,0,0,0,0,0,2,124,9,4.5,0,0,5.0929992293,0,0,0,0,1.3627402785,1.6064257028
0,4.2098671219,0,0,0,0,0.1111111111,361,0,0,0,0,0,0,0,0,361,26,7.8571428571,0,2,5.0735716752,0,0,0,0,1.7240142038,0.5524861878
0,5.2528079071,0,0,0,0,0.0318471338,1423,3,3,0,0,14,0,0,0,711,122,12.6346153846,2,2,5.7243540551,0,0,0,0,2.3258893712,0.5621925509
0,-1,0,0,0,0,0.1,40,0,0,0,0,0,0,0,0,40,0,0,0,0,4.0037016961,0,0,0,0,0,9.756097561
1,4.2263742447,0,0,0,0,0.050955414,3781,0,2,0,0,0,0,0,0,342.818181818,51,12.2619047619,0,1,5.296436275,0,0,0,0,2.6480694171,1.5641569459
0,3.3278195311,0,0,0,0,0.12,157,0,0,0,0,0,0,0,0,30.6,16,10.3333333333,0,0,4.463085587,0,0,0,0,2.2170169866,12.3376623377
0,5.2340921572,0,0,0,0,0,295,0,2,0,0,0,0,0,0,48.3333333333,105,70,0,0,5.4483911596,0,0,0,0,3.4893947715,5.8419243986
9,4.6421127689,0,0,0,0,0.0452930728,7818,11,4,0,0,3,2,0,1,433.388888889,104,12.25,4,22,5.41977274,0,0,6,0,2.4394667374,2.0635734427
0,5.1876859248,0,0,0,0,0.1061946903,1216,0,4,0,0,0,4,0,0,85.9285714286,169,75,0,0,5.4234931298,0,0,0,0,2.9291452932,3.6544850498
0,3.8526761974,0,0,0,0,0.095890411,815,0,0,0,0,1,3,0,0,44.3333333333,38,10.8235294118,0,2,4.9153081043,0,0,0,0,2.5278736056,19.1489361702
0,5.4017821949,0,0,0,0,0.0689655172,310,0,1,0,0,0,1,0,0,61.2,167,58,0,0,5.6189883819,0,0,0,0,2.6411409437,3.5830618893
1,4.8325748231,0,0,0,0,0.0531914894,2119,1,11,0,0,10,0,0,0,91.1739130435,116,37.1315789474,0,0,5.3746760156,0,0,0,0,3.4131876808,2.0972354624
0,5.2150445382,0,0,0,0,0.0814360771,10478,0,12,0,0,21,4,0,0,36.6942446043,118,19.1549295775,0,5,4.7617600393,0,0,0,0,2.9491704202,26.2301509508
0,-1,0,0,0,0,0,44,0,0,0,0,0,0,0,0,14,0,0,0,0,3.7295876655,0,0,0,0,0,34.8837209302
0,5.4236482361,0,0,0,0,0.1466666667,7032,0,10,0,0,17,1,0,4,1405.6,1387,186.648648649,0,2,5.4079060497,0,0,0,0,3.2059904376,10.5420401195
0,5.0083658211,0,0,0,0,0.0825688073,3833,0,27,0,0,69,1,0,0,478.25,61,15.8866995074,0,7,5.4245950723,0,0,0,0,2.9366693409,2.6391429318
0,5.6721768167,0,0,0,0,0.0866510539,3757,0,25,0,0,60,1,0,0,468.75,136,16.9738219895,0,10,5.6486510702,0,0,0,0,2.9014488705,1.8661690216
0,4.7604569027,0,0,0,0,0.03125,249,0,1,0,0,0,1,0,0,40.6666666667,44,15.3333333333,0,2,5.1558054308,0,0,0,0,2.3501376297,9.387755102
0,4.8084111518,0,0,0,0,0,130,0,1,0,0,0,1,0,0,25.2,45,13,0,1,5.4508759407,0,0,0,0,1.8066767465,2.3622047244
0,4.7433003685,0,0,0,0,0.03125,249,0,1,0,0,0,1,0,0,40.6666666667,44,15.3333333333,0,2,5.1527737541,0,0,0,0,2.3472782073,9.387755102
0,4.791635874,0,0,0,0,0,130,0,1,0,0,0,1,0,0,25.2,45,13,0,1,5.4450691137,0,0,0,0,1.802482927,2.3622047244
0,2.9477027792,0,0,0,0,0.1538461538,59,0,0,0,0,0,0,0,0,19,9,4.5,0,0,4.1822613728,0,0,0,0,1.4738513896,24.1379310345
0,4.8637494851,0,0,0,0,0.0625,250,0,1,0,0,0,1,0,0,40.8333333333,45,15.5,0,2,5.1161080815,0,0,0,0,2.3673530601,9.3495934959
0,4.9091127711,0,0,0,0,0.0434782609,131,0,1,0,0,0,1,0,0,25.4,46,13.25,0,1,5.4111576433,0,0,0,0,1.8318521513,2.34375
0,5.6903792323,0,0,0,0,0.0880829016,12548,0,89,0,0,204,1,0,0,1567.625,142,17.5118110236,0,34,5.606912411,0,0,0,0,2.918693248,1.3554457024
0,4.7604569027,0,0,0,0,0.03125,249,0,1,0,0,0,1,0,0,40.6666666667,44,15.3333333333,0,2,5.1558054308,0,0,0,0,2.3501376297,9.387755102
0,4.8084111518,0,0,0,0,0,130,0,1,0,0,0,1,0,0,25.2,45,13,0,1,5.4508759407,0,0,0,0,1.8066767465,2.3622047244
0,4.8059114481,0,0,0,0,0.03125,249,0,1,0,0,0,1,0,0,40.6666666667,44,15.3333333333,0,2,5.1638375593,0,0,0,0,2.3577133873,9.387755102
0,4.8528555963,0,0,0,0,0,130,0,1,0,0,0,1,0,0,25.2,45,13,0,1,5.4662605561,0,0,0,0,1.8177878576,2.3622047244
0,4.7238741646,0,0,0,0,0.03125,249,0,1,0,0,0,1,0,0,40.6666666667,44,15.3333333333,0,2,5.1493410112,0,0,0,0,2.3440405067,9.387755102
0,4.7726413635,0,0,0,0,0,130,0,1,0,0,0,1,0,0,25.2,45,13,0,1,5.4384940909,0,0,0,0,1.7977342994,2.3622047244
0,5.2058754385,0,0,0,0,0.0784960422,45708,0,169,0,0,771,0,0,5,15235.3333333,3551,25.7295522388,0,34,5.4127567598,2,0,0,0,2.899323569,8.5216706413
0,5.4017821949,0,0,0,0,0.1179487179,3379,0,20,0,0,0,3,0,1,124.185185185,176,75.9117647059,0,3,5.5073707197,0,0,0,0,3.9079490301,3.3392963626
0,3.725480557,0,0,0,0,0.0833333333,1096,0,0,0,0,0,0,0,0,24.511627907,22,11.3076923077,0,0,4.5584782687,0,0,0,0,2.7229646747,28.5308056872
0,5.1061489872,0,1,1,0,0.0769230769,499,1,1,0,0,1,0,0,0,499,275,60.6,1,0,5.3502361535,0,0,4,0,2.618740901,1.8
0,4.2596132662,0,0,0,0,0.0454545455,371,0,2,0,0,6,0,0,0,45.5,63,14.4666666667,0,1,5.4178493362,0,0,0,0,2.5579599846,6.0273972603
0,4.0255918603,0,0,0,0,0.0769230769,128,0,0,0,0,1,0,0,0,17.4285714286,35,17.3333333333,0,0,4.5158765728,0,0,0,0,2.5082731358,20.325203252
0,4.8803255092,0,0,0,0,0.2051282051,1855,0,16,0,0,0,1,0,0,231,123,98.1666666667,0,1,5.044662709,0,0,0,0,4.2406377346,0.2704164413
0,4.7656247845,0,0,0,0,0.2666666667,1312,0,11,0,0,0,1,0,1,261.6,123,93.8461538462,0,1,5.003199964,0,0,0,0,4.0257856445,2.2918258212
0,5.4934008514,0,0,0,0,0.1172413793,5901,0,16,0,0,0,2,0,0,255.608695652,517,255.476190476,0,2,5.7045901307,0,0,0,0,4.4994353628,1.4965986395
0,5.0034143516,0,0,0,0,0.2258064516,1580,0,13,0,0,0,1,0,0,526,144,100.933333333,0,1,5.2141235331,0,0,0,0,4.2669307849,0.3799873338
0,5.1146404377,0,0,0,0,0.2207792208,2256,0,11,0,0,0,1,0,0,71.8064516129,210,136.428571429,0,1,5.4095508048,5,0,0,0,4.1023941203,2.1553659632
113,4.6332696895,0,2,2,0,0.0435729847,93682,82,23,3,0,114,21,1,4,1051.61797753,201,8.9644913628,7,265,5.3096915354,0,0,16,0,2.0798509195,1.3280623965
0,3.9701755215,0,0,0,0,0.1,105,0,0,0,0,1,0,0,0,105,24,14,0,0,4.9007251327,0,0,0,0,2.4631858224,3.7735849057
0,-1,0,0,0,0,0.0833333333,41,0,0,0,0,0,0,0,0,41,0,0,0,0,4.4914599313,0,0,0,0,0,2.380952381
0,4.7265990142,0,0,0,0,0.0877192982,686,3,1,0,0,2,0,0,0,686,334,53.5714285714,0,0,5.1998896969,0,0,0,0,2.5562464297,3.9301310044
0,-1,0,0,0,0,0.1304347826,83,0,0,0,0,0,0,0,0,83,0,0,0,0,4.2834251245,0,0,0,0,0,0
0,-1,0,0,0,0,0.1428571429,26,0,0,0,0,0,0,0,0,26,0,0,0,0,4.0560209681,0,0,0,0,0,0
0,5.0819760669,0,0,0,0,0.0715563506,4165,0,5,1,0,78,0,0,0,4165,61,18.3956834532,0,19,5.3296337664,2,0,0,0,3.1947742828,3.2885261642
0,4.3168268981,0,0,0,0,0.0555555556,256,2,0,0,0,2,0,0,0,256,39,11.8,1,0,5.2199767186,0,0,0,0,2.1683451738,1.5564202335
0,5.1118375337,0,0,0,0,0.1414634146,60299,0,2,0,0,3,0,0,1,60299,59349,4250.85714286,0,1,5.1301602472,1,0,0,0,2.7139458377,2.3067993367
0,-1,0,0,0,0,0.1428571429,24,0,0,0,0,0,0,0,0,24,0,0,0,0,3.8553885422,0,0,0,0,0,0
1,4.6475014946,2,0,0,0,0.0518867925,5786,0,7,1,0,9,0,0,0,963.5,112,11.7927927928,3,37,5.4609288731,2,1,0,0,2.157103476,1.2625389139
0,3.4182958341,0,0,0,0,0.1960784314,264,0,0,0,0,4,0,0,0,264,13,7.6,0,0,4.7837466907,0,0,0,0,2.4016018073,0
0,4.1845437314,0,0,0,0,0,91,0,1,0,0,1,0,0,0,91,45,22.5,0,0,4.9766692019,0,0,0,0,2.0922718657,5.4347826087
12,4.4347897444,22,0,0,0,0.0721290041,16429,6,5,1,0,32,0,0,0,5475.66666667,51,8.4401294498,0,75,5.4194576437,2,2,11,0,2.1376059121,1.0591672754
2,4.5454525276,0,0,0,0,0.0625444208,5075,4,1,0,0,8,11,0,0,219.695652174,109,11.2641509434,1,9,5.4557880349,1,0,0,0,2.4517048409,1.2861100119
110,4.6332696895,0,3,2,0,0.0444085346,95834,104,31,4,0,124,21,1,6,13689.7142857,201,9.3444753946,7,271,5.395023602,0,0,18,0,2.0938777286,1.4755449812
3,4.8311992829,0,0,0,0,0.0528138528,3890,23,7,0,0,17,0,0,0,1296,77,13.46875,1,3,5.4122243096,4,0,3,0,2.4990326981,0.6685523271
0,4.0430576941,0,0,0,0,0.1263157895,694,0,0,0,0,3,0,0,0,37.6111111111,34,18.3333333333,0,0,5.4307893775,0,0,0,0,2.9903199594,4.1297935103
0,-1,0,0,0,0,0.03125,84,0,0,0,0,0,0,0,0,84,0,0,0,0,4.7311381858,0,0,0,0,0,4.7058823529
0,4.9694694612,0,0,0,0,0.1085714286,1262,7,1,0,0,8,0,0,1,38.46875,201,15.4347826087,0,3,5.7683267372,0,0,0,0,2.289216685,3.7337662338
0,-1,0,0,0,0,0,49,0,0,0,0,0,0,0,0,11.5,0,0,0,0,4.0836986195,0,0,0,0,0,4.2553191489
0,-1,0,0,0,0,0,332,0,0,0,0,0,0,0,0,22.7857142857,0,0,0,0,5.1220079146,0,0,0,0,0,5.3125
0,-1,0,0,0,0,0,35,0,0,0,0,0,0,0,0,35,0,0,0,0,4.3217212311,0,0,0,0,0,5.5555555556
0,2.9219280949,0,0,0,0,0.3333333333,43,0,0,0,0,0,0,0,0,43,10,5,0,0,4.1932519638,0,0,0,0,1.4609640474,4.5454545455
0,-1,0,0,0,0,0.1,54,0,0,0,0,0,0,0,0,17.3333333333,0,0,0,0,4.8240604187,0,0,0,0,0,7.5471698113
0,4.6306211543,0,0,0,0,0.0681818182,296,0,1,0,0,0,0,0,0,32,57,22.6666666667,0,0,5.4868309849,0,0,0,0,2.4542600152,12.1107266436
0,3.8796640049,0,0,0,0,0,60,0,0,0,0,0,0,0,0,11.2,22,11,0,0,4.815491538,0,0,0,0,1.9398320025,0
0,-1,0,0,0,0,0.0666666667,74,0,0,0,0,0,0,0,0,14,0,0,0,0,4.787042812,0,0,0,0,0,12.676056338
0,4.8932637287,0,0,0,0,0.0571428571,2964,0,7,0,0,5,0,0,0,38.0131578947,92,17.262295082,0,1,4.9687325779,0,0,0,0,3.0526917581,21.5224913495
1,4.7267552522,0,0,0,0,0.1292134831,4307,8,1,0,0,1,0,0,0,32.3953488372,49,10.7666666667,1,2,5.3061851012,0,0,0,0,2.4893165401,7.5119617225
0,2.9219280949,0,0,0,0,0.1428571429,145,0,0,0,0,0,0,0,0,10.2307692308,10,5,0,0,5.3074668693,0,0,0,0,1.4609640474,8.9552238806
0,4.3530559073,4,0,0,0,0.0536193029,2303,0,0,0,0,2,0,0,0,25.4827586207,40,10.3,1,7,5.0542690322,0,2,4,0,2.2545984286,15.3742110009
0,4.0139611279,0,0,0,0,0.0487804878,254,0,1,0,0,0,0,0,0,24.5,43,21.5,2,0,5.1245018536,0,0,0,0,2.0069805639,1.2195121951
1,4.2485446392,0,0,0,0,0.0119331742,1733,0,5,0,0,1,1,0,0,41.2926829268,47,15.4347826087,0,10,5.3083490327,0,0,0,0,2.5697252247,6.4344746163
0,3.2927701939,0,0,0,0,0.1428571429,112,1,0,0,0,0,0,0,0,27.25,17,9.3333333333,0,0,5.250036704,1,0,0,0,2.0689157557,1.8181818182
0,-1,0,0,0,0,0,35,0,0,0,0,0,0,0,0,11,0,0,0,0,4.4435687312,0,0,0,0,0,2.9411764706
0,4.2516291674,0,0,0,0,0.0175438596,509,0,0,0,0,12,0,0,0,169,34,14,0,5,5.9177211976,0,0,0,0,2.6504518232,0.7874015748
11,4.5838698778,4,0,0,0,0.0675155463,10434,5,1,0,0,21,0,0,2,3477.33333333,82,9.3588516746,2,51,5.4099063564,2,0,4,0,2.2084947354,1.639030001
0,3.4613201402,0,0,0,0,0.1463414634,681,2,0,0,0,1,0,0,0,226.333333333,18,7.1,0,2,5.3459869593,0,0,0,0,1.951947584,8.8235294118
9,6.0140910891,0,0,0,0,0.0599004101,23439,4,26,0,0,97,0,0,1,7812.33333333,486,16.5013333333,2,70,5.570926474,5,0,2,0,2.4774544317,1.471968598
2,3.9701755215,0,0,0,0,0.0616470588,6344,12,0,0,0,10,1,0,2,2114,35,9.0504201681,0,19,5.4214191644,1,0,0,0,2.3717534816,1.2769982658
0,3.2516291674,0,1,1,0,0.0886075949,262,2,0,0,0,1,0,0,0,86.6666666667,12,5.4285714286,0,1,5.2493834569,0,0,0,0,1.7514498472,0.7662835249
0,3.6143694459,0,0,0,0,0.0988372093,476,3,0,0,0,6,0,0,0,158,18,8.5454545455,0,1,5.2521945641,0,0,0,0,2.3668469643,0.6315789474
0,4.7419707618,0,0,0,0,0.0750487329,6271,0,3,0,0,34,0,0,1,2089.66666667,86,11.8474576271,0,5,5.3184053154,0,0,3,0,2.7428265691,0.956937799
0,-1,0,0,0,0,0,35,0,0,0,0,0,0,0,0,11,0,0,0,0,4.4435687312,0,0,0,0,0,2.9411764706
52,6.0140910891,0,0,0,0,0.0582713755,123837,40,29,8,0,101,5,8,10,902.927007299,73,12.2022401991,18,178,5.4059763876,3,0,13,0,2.6780824109,1.9142778613
0,3.8365916681,0,0,0,0,0.1016949153,229,0,0,0,0,2,0,0,0,229,18,9.3333333333,0,0,5.3904682538,0,0,0,0,2.3787684753,2.1739130435
0,-1,0,0,0,0,0,20,0,0,0,0,0,0,0,0,20,0,0,0,0,3.6841837198,0,0,0,0,0,0
0,4.7063082936,0,0,0,0,0.0652173913,6354,0,6,1,0,41,0,0,5,6354,148,16.9789473684,0,10,5.4440551947,0,0,0,0,3.0913507703,0.2832415421
0,4.9936990483,0,0,0,0,0.0493923951,21953,0,122,0,0,221,0,0,0,10976,84,14.2435803375,0,0,5.3684569898,1,0,0,0,2.7137773952,0.0273311165
0,3.7345216648,0,0,0,0,0,186,0,0,0,0,0,0,0,0,186,17,7.4166666667,0,0,5.3794871982,0,0,0,0,2.4298038963,1.0695187166
0,5.8419651126,0,0,0,0,0.0567375887,10240,0,19,0,0,69,0,0,0,2559.25,282,18.7768052516,0,1,5.3795581136,0,0,0,0,2.9815628444,1.3186169174
0,3.3927474105,0,0,0,0,0.125,89,0,0,0,0,1,0,0,0,89,21,9.6,0,1,4.9488759544,0,0,0,0,2.2091669306,4.4444444444
0,3.3278195311,0,0,0,0,0.1428571429,45,0,0,0,0,0,0,0,0,45,16,8,0,0,4.0615302524,0,0,0,0,1.6639097656,0
0,3.9261085007,0,0,0,0,0,421,0,0,0,0,2,0,0,0,421,32,8.7428571429,0,0,5.2028835777,0,0,0,0,2.5547850025,0.2369668246
0,3.3232314288,0,0,0,0,0.1428571429,44,0,0,0,0,0,0,0,0,44,15,7.5,0,0,4.1069367322,0,0,0,0,1.6616157144,0
0,5.484862091,0,0,0,0,0.0214067278,2945,0,5,0,0,48,0,0,0,2945,90,14.8546511628,0,0,5.5593412592,0,0,0,0,2.9639234026,0.0678886626
0,3.1751231351,0,0,0,0,0,133,0,0,0,0,0,0,0,0,133,17,8,0,2,4.5352250396,0,0,0,0,1.6373675877,7.4626865672
0,-1,0,0,0,0,0,54,0,0,0,0,0,0,0,0,54,0,0,0,0,4.0296789937,0,0,0,0,0,7.2727272727
0,3.7678941476,0,0,0,0,0.0872483221,1277,0,0,0,0,0,0,0,0,1277,24,9.6923076923,0,1,4.9476574521,0,0,3,0,2.172796544,8.9201877934
0,-1,0,0,0,0,0.0425531915,300,0,0,0,0,0,0,0,0,300,0,0,0,0,4.8054414207,0,0,0,0,0,14.6179401993
0,3.095795255,0,0,0,0,0,70,0,0,0,0,0,0,0,0,16.75,11,7,0,0,4.4430101596,0,0,0,0,1.9392411166,17.6470588235
2,3.7201287774,0,0,0,0,0.087628866,1557,1,0,0,0,4,2,0,0,140.636363636,22,12.7727272727,0,1,5.2896606692,0,0,3,0,2.7697301338,4.5865633075
0,1.9219280949,0,0,0,0,0.125,55,0,0,0,0,0,0,0,0,55,5,2.3333333333,0,1,4.4036426679,0,0,0,0,0.6406426983,7.1428571429
0,5.236639909,0,1,0,0,0.0890410959,7319,0,10,0,0,27,0,0,1,7319,5628,108.846153846,0,11,5.2007575451,0,0,0,0,2.6232231432,0.5327868852
0,5.0460872554,0,2,2,0,0.2164948454,726,3,1,0,0,6,0,0,0,726,218,27.8181818182,0,3,5.3093113887,0,0,0,0,2.3232434847,4.5392022008
0,3.8731406795,0,0,0,0,0.0526315789,289,0,0,0,0,1,0,0,0,289,30,16.5,0,0,4.9765959846,0,0,0,0,3.0019761728,6.5517241379
0,4.631832608,0,0,0,0,0.0476190476,1544,0,1,0,0,41,0,0,0,1544,46,15.5833333333,0,0,4.418999549,1,0,0,0,3.0647813805,5.501618123
0,1.5,0,0,0,0,0.125,54,0,0,0,0,0,0,0,0,54,4,2,0,1,4.4487888908,0,0,0,0,0.5,7.2727272727
5,5.107718941,0,1,1,0,0.05,1886,1,1,0,0,5,0,0,0,98.3157894737,1071,55.52,0,5,5.4704131864,0,0,0,0,2.6435580512,7.8116639914
0,5.5982947831,0,0,0,0,0.0567823344,10518,0,26,0,0,94,0,0,3,249.452380952,1331,30.4440789474,0,16,5.9472009178,2,0,0,0,3.0474016301,3.9702233251
0,-1,0,0,0,0,0,1,0,0,0,0,0,0,0,0,0,0,0,0,0,0,0,0,0,0,0,0
0,-1,0,0,0,0,0,1,0,0,0,0,0,0,0,0,0,0,0,0,0,0,0,0,0,0,0,0
0,-1,0,0,0,0,0,1,0,0,0,0,0,0,0,0,0,0,0,0,0,0,0,0,0,0,0,0
0,3.6978458231,0,0,0,0,0.0625,91,0,0,0,0,1,0,0,0,29.6666666667,22,10.3333333333,0,0,4.6635138714,0,0,0,0,2.1411087934,13.3333333333
0,2.9477027792,0,0,0,0,0.0773662551,4887,0,0,0,0,94,0,0,0,1628.33333333,10,5.3736654804,0,280,4.7766541213,0,0,0,0,1.8297056813,9.967253377
128,4.6644911712,0,2,2,0,0.0443206438,94039,102,14,1,0,115,27,3,3,15672.3333333,201,8.5304347826,7,252,5.3711551462,1,0,19,0,2.0973123852,1.346307226
36,6.0580510765,10,0,0,0,0.0624530749,47467,21,13,9,0,31,5,0,5,599.860759494,135,11.5962343096,6,105,5.3404445392,0,2,0,0,2.3741358348,1.7197721038
115,6.0580510765,7,12,11,0,0.0554249179,187564,17,159,6,0,683,33,7,13,360.396917148,1399,14.0383376289,60,411,5.5564586141,8,1,17,0,2.6306713134,2.0112592022
0,-1,0,0,0,0,0.0769230769,54,0,0,0,0,0,0,0,0,54,0,0,0,0,4.4858259279,0,0,0,0,0,7.2727272727
3,5.2994910615,1,0,0,0,0.049382716,686,0,2,0,0,0,0,0,0,686,292,45.8888888889,0,3,5.6167521484,0,0,0,0,2.6346620038,2.3289665211
0,4.582859742,0,0,0,0,0.1578947368,244,0,3,0,0,3,0,0,0,48,63,47.25,0,0,4.9933194216,0,0,0,0,3.4246636675,2.489626556
0,4.8499403561,0,0,0,0,0.0579710145,1310,0,5,0,0,20,0,0,0,217.5,101,16.6956521739,0,3,5.4711515404,0,0,0,0,2.6780513827,1.2251148545
0,4.2872869594,0,0,0,0,0.1226993865,1805,0,8,0,0,52,0,0,0,1805,81,16.0857142857,0,1,4.8551197903,10,0,0,0,3.030771515,5.9246954596
0,5.3956952553,0,0,0,0,0.0775862069,11072,0,15,0,0,24,0,0,0,11072,1904,113.936170213,0,4,5.5336727008,0,0,0,0,3.3309508475,2.8808814233
11,1.9219280949,1,0,0,0,0.0797101449,1213,0,0,0,0,5,0,0,0,1213,5,3.125,0,30,4.9820555154,0,1,0,0,0.8815817384,2.1416803954
1,1.5,0,0,0,0,0.0714285714,52,0,0,0,0,0,0,0,0,52,4,2.5,0,3,4.1738228338,0,0,0,0,0.834147917,15.0943396226
0,5.8642086937,0,4,4,0,0.0522565321,3137,0,7,0,0,6,0,0,0,1568,462,39.95,0,8,5.6720099025,0,0,0,0,2.7095858643,3.5702900861
50,6.0140910891,7,5,5,4,0.0540481875,191943,9,29,0,0,826,2,0,6,23992,157,8.7349839523,1,390,5.4699146481,20,1,1,0,2.1663949433,1.6901379098
309,5.0002321882,31,11,11,2,0.0530899378,514493,146,89,5,0,1247,57,5,39,2448.97142857,3511,12.1331633376,57,860,5.335358278,11,6,69,0,2.5997076112,1.2261683697
113,5.3397003281,2,54,45,13,0.0396790709,724008,37,1487,1,0,1507,6,5,291,3548.06372549,663,16.3906923455,25,1049,5.2523289837,149,0,29,0,2.3978261768,7.7526298483
3,4.1011901868,0,1,1,0,0.0550111741,18080,2,6,0,0,22,10,0,2,6026,77,12.92,2,19,5.4363808049,2,0,6,0,2.5425239192,1.4381326401
0,3.5160276413,0,0,0,0,0.16,169,0,0,0,0,1,0,0,0,23.2857142857,22,11,0,0,4.4742012979,0,0,0,0,1.7580138206,22.5609756098
0,4.3102986817,0,0,0,0,0.3243243243,292,0,1,0,0,1,0,0,0,40.8571428571,49,19.75,0,0,4.8387407506,0,0,0,0,2.6473608014,14.2857142857
0,3.8035088548,0,0,0,0,0.0258064516,1017,0,0,0,0,11,0,0,0,58.8823529412,24,9.2857142857,0,5,4.855519152,0,0,0,0,2.3577984855,17.2654690619
2,3.326360408,0,0,0,0,0.0761904762,305,1,0,0,0,0,1,0,0,305,19,7.6666666667,0,2,5.2804610758,0,0,0,0,1.7352359185,1.6339869281
0,3.5068905956,0,0,0,0,0.0410958904,661,1,0,0,0,0,0,0,0,661,15,8.6666666667,1,0,5.2156188027,1,0,4,0,2.4589138246,0.1510574018
0,-1,0,0,0,0,0.3,139,0,0,0,0,0,0,0,0,45.6666666667,0,0,0,0,3.3965551863,0,0,0,0,0,42.0289855072
0,-1,0,0,0,0,0.3,138,0,0,0,0,0,0,0,0,45.3333333333,0,0,0,0,3.3529919775,0,0,0,0,0,42.3357664234
19,5.506268793,0,4,4,0,0.0989297833,31320,16,11,0,0,61,0,0,1,55.3327338129,492,12.4820512821,2,44,4.5095119085,0,0,0,0,2.4380151977,35.8447637002
1,4.5556159932,1,0,0,0,0.0693346509,50923,0,182,0,0,454,0,0,6,1106.04347826,177,18.6462147452,0,10,4.7402809642,4,0,0,0,3.1494866467,0.6309086263
7,6.0314417843,0,15,8,0,0.0714915596,176450,0,410,1,0,2907,0,0,104,312.412078153,1524,19.1671740569,1,391,5.6721534519,24,0,2,0,2.8236752028,6.7190102849
0,4.1803651142,0,0,0,0,0.0606060606,403,3,1,0,0,5,0,0,0,27.8571428571,41,13.125,0,3,5.0414143827,0,0,0,0,2.4666298628,15.3452685422
0,3.616874606,0,0,0,0,0.0704483074,9212,0,0,0,0,11,0,0,0,43.0813397129,19,9.4626865672,0,7,4.1626160966,0,0,0,0,2.4604155667,42.2654081066
0,-1,0,0,0,0,0.1333333333,106,0,0,0,0,0,0,0,0,106,0,0,0,0,4.6157735541,0,0,0,0,0,8.4112149533
0,4.0446941599,0,0,0,0,0.0344827586,1161,0,1,0,0,16,0,0,0,37.7333333333,119,12.7272727273,0,8,3.8620366899,0,0,0,0,2.2481203597,45.7193292145
0,4.5511911745,0,0,0,0,0.0342857143,1156,3,1,0,0,1,0,0,0,384.666666667,46,13.0555555556,0,0,5.2441639839,0,0,0,0,2.8363932869,1.038961039
0,2.9477027792,0,0,0,0,0,71,0,0,0,0,0,0,0,0,71,11,6.5,0,0,4.6252565426,0,0,0,0,1.9657161754,6.9444444444
0,3.8796640049,0,0,0,0,0,72,0,0,0,0,0,1,0,0,72,22,11,0,0,4.6033418415,0,0,0,0,1.9398320025,1.3698630137
0,5.2432442523,0,0,0,0,0.3076923077,154,0,1,0,0,2,0,0,0,154,98,34.3333333333,0,1,5.4219427017,0,0,0,0,2.3883907824,4.5161290323
0,2.6635327548,0,0,0,0,0,37,0,0,0,0,0,0,0,0,37,11,5,0,0,4.0750163805,0,0,0,0,1.3878442516,13.1578947368
1,4.1063773168,0,0,0,0,0.1264367816,1345,2,0,0,0,12,0,0,3,1345,27,12.4571428571,0,0,5.4111249004,3,0,0,0,3.0087974442,7.2808320951
1,4.5511911745,2,0,0,0,0.0271903323,1096,3,1,0,0,0,0,0,0,364.666666667,46,10.4761904762,0,3,5.5021878406,0,1,4,0,2.3228807803,1.9178082192
0,2.9139770732,0,0,0,0,0.0526315789,94,0,0,0,0,3,0,0,0,94,13,8.125,0,1,4.4404517147,0,0,0,0,2.0777698887,1.052631579
0,3.2516291674,0,0,0,0,0,65,0,0,0,0,0,0,0,0,65,12,9,0,0,4.8393854593,0,0,0,0,2.4387218755,0
0,-1,0,0,0,0,0,24,0,0,0,0,0,0,0,0,24,0,0,0,0,4.0220552089,0,0,0,0,0,0
0,3.6368421881,0,0,0,0,0,95,0,0,0,0,0,0,0,0,31,24,11.5,0,0,4.9847273828,0,0,0,0,2.2609331959,1.0638297872
0,5.9070193202,0,3,3,0,0.0308098592,19052,0,64,0,0,687,0,0,7,6350,346,12.0104094379,0,470,5.3168797757,1,0,0,0,2.0804984257,0.0839850926
0,4.4739435924,0,0,0,0,0.1119402985,694,0,1,0,0,0,0,0,0,230.666666667,56,13.5,0,0,5.175827498,0,0,0,0,2.7629426598,4.7619047619
0,3.0849625007,0,0,0,0,0,132,0,0,0,0,0,0,0,0,43.3333333333,12,7.6,0,0,5.1018418734,0,0,0,0,1.9984702891,4.5801526718
5,4.4042604759,0,0,0,0,0.0491967871,4092,0,0,0,0,12,0,1,0,1363.33333333,39,9.4406779661,1,18,5.4014805414,0,0,0,0,2.4161735446,8.0664874114
0,3.6219280949,0,0,0,0,0.2051282051,232,0,0,0,0,0,0,0,0,76.6666666667,20,13.1428571429,0,0,5.1850015893,0,0,0,0,2.7767040342,4.329004329
0,4.8282221799,0,0,0,0,0.0539419087,3535,0,26,0,0,40,0,0,1,1177.66666667,92,31.4838709677,0,0,5.4126628393,0,0,0,0,3.3096297911,0.4527447651
0,4.5427494051,0,0,0,0,0.0684931507,962,0,3,0,0,14,0,0,1,320,60,12.6744186047,0,11,5.2715798606,0,0,0,0,2.3082371149,3.2258064516
0,3.2883201891,0,0,0,0,0,142,0,0,0,0,0,0,0,0,46.6666666667,24,11.6,0,0,5.083982273,0,0,0,0,2.3893679904,2.1276595745
0,4.2603326006,0,0,0,0,0.05,317,0,0,0,0,1,0,0,1,105,31,10.8571428571,0,4,5.4984071398,0,0,0,0,2.0991404156,4.1139240506
0,3.6143694459,0,0,0,0,0.0084745763,613,0,0,0,0,10,0,0,0,203.666666667,28,8.2105263158,0,14,5.2621934016,0,0,0,0,1.9184684637,3.431372549
0,5.847676407,0,0,0,0,0.0073952342,6874,0,4,0,0,380,0,0,4,2290.66666667,346,7.6503225807,0,277,4.8153539205,0,0,0,0,1.7563114239,0.0581987487
0,4.4793551253,0,0,0,0,0.0169491525,460,0,1,0,0,10,0,0,1,152.666666667,59,13.4230769231,0,5,5.2361266661,0,0,0,0,2.5913386267,1.3071895425
0,4.8678765147,0,0,0,0,0.0592105263,978,0,2,0,0,14,0,0,0,325.333333333,92,14.5,0,5,5.4974903362,0,0,0,0,2.4781510972,3.582395087
0,3.2810361126,0,0,0,0,0.1363636364,128,0,0,0,0,0,0,0,0,42,18,10.25,0,0,4.9532244388,0,0,0,0,2.2290848307,0.7874015748
0,5.0420414942,0,0,0,0,0.0233333333,2190,0,9,0,0,49,0,0,0,729.333333333,129,14.3119266055,0,28,5.5406325794,4,0,0,0,2.0731716467,1.6902695295
0,3.625,0,0,0,0,0,164,0,0,0,0,0,0,0,0,54,18,11,0,0,5.0715119387,4,0,0,0,2.6370625726,2.4539877301
0,4.8076330288,0,0,0,0,0.1,1372,0,6,0,0,7,0,0,6,456.666666667,122,26.7407407407,0,1,5.6151442008,0,0,0,0,3.1070940015,3.3552151714
0,3.8718956694,0,0,0,0,0.0061349693,1088,0,7,0,0,40,0,0,0,362,68,10.1882352941,0,30,4.902387308,3,0,0,0,1.6883406297,0.5519779209
0,4.0269868334,0,0,0,0,0.0613496933,848,0,0,0,0,3,0,0,0,282,26,12.95,0,1,5.203517733,15,0,0,0,2.8840252253,4.7225501771
0,6.1682146211,0,0,0,0,0.0396600567,2653,0,4,0,0,101,0,0,14,883.666666667,136,11.1617647059,0,55,5.2455711654,4,0,0,0,1.9973759845,0.3770739065
0,3.3815804883,0,1,0,0,0.0826446281,512,0,0,0,0,2,0,0,0,170,17,7.8333333333,0,3,5.3093504686,0,0,0,0,2.1224420507,7.4363992172
0,3.6143694459,0,0,0,0,0.18,318,0,0,0,0,0,0,0,0,105.333333333,18,11,0,0,5.1153714361,0,0,0,0,2.4685483728,5.9936908517
0,3.2195282823,0,0,0,0,0,185,0,0,0,0,0,0,0,0,61,17,11,0,1,5.1484878789,0,0,0,0,2.5195857973,1.0869565217
0,4.699976525,0,3,3,0,0.0869565217,508,0,1,0,0,9,0,0,0,168.666666667,85,13.5217391304,0,5,5.3760068388,0,0,0,0,2.3741939063,1.1834319527
0,4.2181390622,0,0,0,0,0.1712473573,2362,0,0,0,0,9,0,0,0,786.666666667,32,10.8490566038,0,5,5.35801393,1,0,0,0,2.4260361542,3.515459551
0,3.7158341352,0,0,0,0,0.02,501,0,3,0,0,6,0,0,0,166.333333333,86,22.8125,0,3,5.300297942,0,0,0,0,2.4675946629,1.2
0,3.9139770732,0,0,0,0,0,277,0,0,0,0,0,0,0,0,91.6666666667,22,14.7777777778,0,0,5.1494932678,0,0,0,0,2.9790146314,2.5362318841
0,4.5536516763,0,0,0,0,0.0553278689,2276,3,4,0,0,7,0,0,0,758,46,12.0930232558,0,1,5.2177975497,1,0,0,0,2.4162335885,8.3076923077
0,4.9970636705,0,0,0,0,0.0868263473,1614,0,3,0,0,1,0,0,0,537.333333333,67,13.9032258065,0,5,5.3021691488,1,0,0,0,2.3532750087,8.059516429
0,3.4841837198,0,0,0,0,0.0425531915,422,0,0,0,0,1,0,0,0,140,20,7.4,0,0,4.8167679407,0,0,0,0,1.7482568362,8.7885985748
0,4.5926738538,0,0,0,0,0.0200501253,4112,0,15,0,0,69,0,0,1,2055.5,67,14.626459144,0,0,5.4993466679,4,0,0,0,2.9256659264,0.0243190661
0,3.5465935643,0,0,0,0,0.1333333333,87,0,0,0,0,2,0,0,0,43,14,9,0,0,4.7581443305,0,0,0,0,2.3434467113,1.1494252874
0,5.2357312517,0,0,0,0,0.0416666667,1150,0,6,0,0,12,0,0,0,126.888888889,444,33.1333333333,0,3,5.6226194726,0,0,0,0,2.6594691672,1.6622922135
0,4.5206301038,0,0,0,0,0.0074626866,1190,0,7,0,0,19,0,0,0,594.5,66,14.2567567568,0,0,5.3871841891,0,0,0,0,2.7372525705,0.0840336134
0,4.7854496969,0,0,0,0,0.0135135135,442,0,1,0,0,8,0,0,0,146.666666667,92,11.2,0,5,5.3872214068,0,0,0,0,2.1726762158,1.3605442177
0,3.6143694459,0,0,0,0,0,160,0,0,0,0,0,0,0,0,52.6666666667,18,10.8333333333,0,0,5.0434787593,0,0,0,0,2.4637229894,1.8867924528
0,4.0472990984,0,0,0,0,0.13,1548,0,0,0,0,5,0,0,2,515.333333333,29,13.4411764706,0,2,5.2351805127,0,0,0,0,2.842005969,3.49062702
0,5.847676407,0,0,0,0,0.0040716612,7220,0,7,0,0,389,0,0,1,721.1,346,7.9592875318,0,280,4.8858917581,0,0,0,0,1.768684008,0.1663893511
0,5.9070193202,0,0,0,0,0.0241785493,14237,0,38,0,0,520,0,0,6,4745,346,12.4717703349,0,365,5.3437493999,0,0,0,0,2.0482848663,0.105366676
0,5.6721404948,0,0,0,0,0.0434782609,1165,0,4,0,0,7,0,0,2,387.666666667,362,55.5789473684,0,2,5.980509576,0,0,0,0,2.9395093613,0.2577319588
0,5.9144350965,0,0,0,0,0.0964952208,30717,0,100,0,0,1386,0,0,262,10238.3333333,346,9.7886469118,0,950,5.1573721334,2,0,0,0,1.8042486617,0.0716239094
0,3.4102329407,0,0,0,0,0.08,149,0,0,0,0,0,0,0,2,49,28,12.8,0,0,5.021489704,0,0,0,0,2.3589853836,1.3513513514
0,3.4102329407,0,0,0,0,0.08,149,0,0,0,0,0,0,0,2,49,28,12.8,0,0,5.0131332443,0,0,0,0,2.39534902,1.3513513514
0,3.7034651896,0,0,0,0,0.0526315789,235,0,0,0,0,0,0,0,0,77.6666666667,25,14,0,0,5.1058086075,0,0,0,0,2.7242141782,3.8461538462
0,5.9070193202,0,0,0,0,0.0241635688,14246,0,38,0,0,520,0,0,6,4748,346,12.4775119617,0,365,5.3443137805,0,0,0,0,2.048722099,0.1053001053
0,5.9144350965,0,0,0,0,0.0969142857,30606,0,100,0,0,1386,0,0,262,10201.3333333,346,9.7822667143,0,950,5.1497879459,2,0,0,0,1.8019800624,0.0588139193
0,3.6980685121,0,0,0,0,0.0888888889,323,0,0,0,0,0,0,0,0,107,30,15.25,0,0,4.8915292588,0,0,0,0,2.7507895475,3.4161490683
0,3.6635327548,0,0,0,0,0.1156462585,941,0,0,0,0,0,0,0,0,313,36,15.7083333333,0,0,5.1576335573,0,0,0,0,3.0290758716,4.1489361702
0,3.9139770732,0,0,0,0,0.0379310345,1532,0,0,0,0,15,0,0,0,510,28,12.1315789474,0,0,5.2411496539,0,0,0,0,2.8641169968,3.3964728935
0,3.4251185504,0,0,0,0,0,210,1,0,0,0,0,0,0,0,16.5833333333,22,11,0,0,5.3061564824,0,0,0,0,2.5766605487,4
0,3.9321380398,0,0,0,0,0.0655737705,401,0,0,0,0,0,0,0,0,133,34,15.4,0,0,5.1074714601,0,0,0,0,3.0308157352,5.25
0,4.2081965923,0,0,0,0,0.0601092896,1085,0,1,0,0,12,0,0,0,361,98,16.5384615385,1,6,5.389515261,0,0,0,0,2.4592345634,5.1660516605
0,3.3502090291,0,0,0,0,0.0384615385,143,0,0,0,0,0,0,0,0,47,18,9,0,0,5.0587167995,0,0,0,0,2.2931303405,1.4084507042
0,4.7132616379,0,0,0,0,0,612,0,3,0,0,10,0,0,0,203.333333333,85,21.2105263158,0,5,5.4480388105,0,0,0,0,2.3088304084,1.6366612111
0,3.8230679823,0,0,0,0,0.0285714286,215,0,0,0,0,0,0,0,0,71,22,12.75,0,0,5.1082766358,0,0,0,0,2.8234417768,0.4672897196
0,3.5464393447,0,0,0,0,0.0496453901,530,1,0,0,0,0,0,0,0,131.75,20,9,0,0,5.140632763,0,0,4,0,2.3547099816,2.8409090909
0,4.5206301038,0,0,0,0,0.008797654,3577,0,12,0,0,57,0,0,1,1788,66,14.9452054795,0,0,5.4784038243,0,0,0,0,2.966950601,0.027956388
0,3.8208888514,0,0,0,0,0,114,0,0,0,0,0,0,0,0,37.3333333333,21,11,0,0,4.9746316476,0,0,0,0,2.31859347,1.7699115044
0,3.3787834935,0,0,0,0,0.0689655172,154,0,0,0,0,2,0,0,0,76.5,14,8.8333333333,0,0,4.9428174931,0,0,0,0,2.3094498166,0.6493506494
0,3.9208929471,0,0,0,0,0.0043668122,8064,0,22,0,0,220,0,0,0,2687.33333333,104,13.1605166052,0,150,4.8860754697,0,0,0,0,2.5630125519,0.3968746124
0,4.5206301038,0,0,0,0,0.0083333333,1064,0,6,0,0,18,0,0,0,531.5,66,14.4923076923,0,0,5.3685175315,0,0,0,0,2.7348256445,0.0939849624
0,3.3787834935,0,0,0,0,0.0666666667,85,0,0,0,0,2,0,0,0,42,14,8.6666666667,0,0,4.6044956085,0,0,0,0,2.1774045689,1.1764705882
0,3.6402239289,0,1,1,0,0.0384615385,147,0,0,0,0,0,0,0,0,48.3333333333,20,11.6,0,0,5.1234186254,0,0,0,0,2.5119421718,3.4246575343
0,4.4903270734,0,0,0,0,0.0085470085,1018,0,6,0,0,17,0,0,0,508.5,66,14.253968254,0,0,5.3364404636,0,0,0,0,2.7127019499,0.0982318271
0,5.4463701302,0,0,0,0,0.070907886,24424,0,55,0,0,971,0,0,6,8140.66666667,306,11.3491577335,0,882,4.9018991455,0,0,0,0,1.8237099133,1.0522867789
0,4.5206301038,0,0,0,0,0.0057803468,1604,0,9,0,0,24,0,0,0,801.5,66,14.35,0,0,5.441223427,0,0,0,0,2.7982171803,0.0623441397
0,3.6219280949,0,0,0,0,0,140,0,0,0,0,0,0,0,0,46,20,11.2,0,0,5.217328087,0,0,0,0,2.4376880508,0.7194244604
0,4.5206301038,0,0,0,0,0.0058139535,1578,0,9,0,0,24,0,0,0,788.5,66,14.2424242424,0,0,5.4403138685,0,0,0,0,2.7931842095,0.0633713561
0,3.3921472237,0,0,0,0,0.0384615385,151,0,0,0,0,0,0,0,0,49.6666666667,18,11.6,0,0,4.9999574939,0,0,0,0,2.4130321069,2.6666666667
2,5.0019678985,0,0,0,0,0.0218459858,14810,0,90,0,0,518,0,0,3,4936,125,12.1839622642,0,340,5.1152014828,0,0,0,0,1.7757268419,0.5132014316
2,5.0019678985,0,0,0,0,0.0218459858,14810,0,90,0,0,518,0,0,3,4936,125,12.1839622642,0,340,5.1152084004,0,0,0,0,1.7758719798,0.5132014316
2,5.0019678985,0,0,0,0,0.0218459858,14810,0,90,0,0,518,0,0,3,4936,125,12.1839622642,0,340,5.1151971747,0,0,0,0,1.7758719798,0.5132014316
2,3.788754914,0,0,0,0,0.1137724551,894,0,0,0,0,0,0,0,3,297.333333333,36,16.5,0,2,5.145065009,0,0,0,0,2.7177984433,6.3829787234
2,3.788754914,0,0,0,0,0.1137724551,894,0,0,0,0,0,0,0,3,297.333333333,36,16.5,0,2,5.1473021455,0,0,0,0,2.7177984433,6.3829787234
0,3.5032583348,0,0,0,0,0,153,0,0,0,0,0,0,0,0,24.6666666667,18,10.25,0,0,5.0823458529,0,0,0,0,2.2391858408,5.3691275168
0,3.0849625007,0,0,0,0,0,137,0,0,0,0,0,0,0,0,45,12,7.6666666667,0,0,5.0713849288,0,0,0,0,2.1336823833,5.1470588235
0,4.5206301038,0,0,0,0,0.0046511628,2045,0,10,0,0,31,0,0,0,1022,66,14.4960629921,0,0,5.4610391328,0,0,0,0,2.836293803,0.0488997555
0,3.9946803684,0,0,0,0,0.0666666667,897,0,0,0,0,1,0,0,3,298.333333333,28,13.0625,0,0,5.1423334459,0,0,0,0,2.7900284096,6.5848214286
0,4.8136028541,0,0,0,0,0.0416666667,2827,0,18,0,0,48,0,0,3,941.666666667,112,22.6228070175,0,23,5.1768847916,0,0,0,0,2.5997923891,0.2830856334
0,3.75,0,0,0,0,0.0396039604,591,0,0,0,0,5,0,0,0,196.333333333,30,13.1818181818,0,0,5.1577989535,0,0,0,0,2.7487086915,5.0847457627
0,3.5068905956,0,0,0,0,0,158,0,0,0,0,0,0,0,0,52,15,10.8333333333,0,0,5.2000846105,0,0,0,0,2.5778967059,1.2738853503
0,3.3815804883,0,0,0,0,0,135,0,0,0,0,0,0,0,0,44.3333333333,17,10.3333333333,0,0,4.9114888141,0,0,0,0,2.4569915455,0.7462686567
0,3.0849625007,0,0,0,0,0,137,0,0,0,0,0,0,0,0,45,12,7.6666666667,0,0,5.0386095639,0,0,0,0,2.0781268278,5.1470588235
0,3.2402239289,0,0,0,0,0,127,0,0,0,0,0,0,0,0,41.6666666667,15,9.5,0,0,5.024085301,0,0,0,0,2.2188817848,0.7936507937
