710,28,,,,,,,,,,,,,,,,,,,,,,,,,,,
0,3.34007620044,1,0,0,0,0.0,936,0,1,0,0,0,0,0,0,186.4,905,452.5,0,1,3.5734240227,0,1,0,0,1.67003810022,0.0,1
0,4.83791668624,0,1,1,0,0.142857142857,225,0,1,0,0,0,0,0,0,36.6666666667,203,101.5,0,0,4.93680153524,0,0,0,0,2.41895834312,4.97737556561,1
14,6.036238444,3,2,2,0,0.076786978,30311,39,9,3,0,28,4,0,1,33.28959276,260,11.39285714,7,49,5.011599768,0,2,6,0,2.206558621,20.14679398,0
7,6.031441784,0,15,8,0,0.07149156,176450,0,410,1,0,2907,0,0,104,312.4120782,1524,19.16717406,1,391,5.672153452,24,0,2,0,2.823675203,6.719010285,0
52,6.014091089,14,10,8,0,0.058011583,192153,466,273,3,0,745,3,13,14,11302.17647,691,18.73758001,42,596,5.444899505,31,1,19,0,2.534090598,1.799748098,1
8,6.014091089,1,0,0,0,0.069042316,18726,8,8,0,0,51,0,1,1,37.21836735,4017,35.84177215,0,49,5.799890938,2,0,4,0,1.964791368,16.88233359,0
4,6.014091089,0,0,0,0,0.052951917,5233,0,9,0,0,4,0,0,0,200.3076923,66,19.55102041,0,10,5.831953323,1,0,0,0,2.818638856,3.32117489,0
0,5.998801907,0,0,0,0,0.148148148,12077,0,2,0,0,2,0,0,0,1724.428571,11910,3990.666667,0,0,6.01870348,0,0,0,0,3.973580051,0.099403579,1
0,5.986353997,0,0,0,0,0.079422383,5244,0,8,0,0,26,0,0,0,237.4090909,760,61.87323944,0,4,6.174804688,1,0,0,0,3.021872805,1.837672282,0
0,5.975467606,0,0,0,0,0.070038911,5179,0,9,0,0,27,0,0,0,234.4545455,767,62.05633803,0,4,6.165609219,1,0,0,0,3.04168996,1.860825741,1
36,5.96875,6,0,0,0,0.110766246,61885,2,336,0,0,51,0,0,70,66.04875406,245,61.95148248,5,116,5.572559952,26,3,1,0,3.022995775,2.560527524,1
180,5.96875,5,0,0,0,0.058114948,287660,71,209,3,0,466,11,1,86,145.0208122,34876,28.04834472,3,360,5.481087965,11,3,38,0,2.89329322,1.814541534,0
0,5.934766309,0,0,0,0,0.065789474,6212,0,14,0,0,57,0,0,2,46.42748092,445,32.33333333,0,15,5.487456896,0,0,0,0,2.707960885,16.25842512,0
0,5.934766309,0,0,0,0,0.215686275,1463,0,3,0,0,14,0,0,2,72.2,445,32.37931034,0,2,4.845376469,0,0,0,0,2.773060727,31.21107266,0
0,5.896394401,0,0,0,0,0.065789474,6215,0,14,0,0,57,0,0,2,46.45038168,446,32.36781609,0,15,5.488244288,0,0,0,0,2.706847271,16.25041078,0
0,5.895581417,0,0,0,0,0.080536913,2493,0,9,0,0,0,0,0,0,310.75,433,46.86842105,0,0,5.758340862,0,0,0,0,2.973565274,0.844390832,0
0,5.892372439,0,0,0,0,0.065789474,6342,0,14,0,0,57,0,0,2,47.41984733,445,32.33333333,0,15,5.517299408,0,0,0,0,2.707027167,15.91823596,0
0,5.892372439,0,0,0,0,0.215686275,1482,0,3,0,0,14,0,0,2,73.15,445,32.37931034,0,2,4.852829031,0,0,0,0,2.77159887,30.80601093,0
3,5.7943091372,0,0,0,0,0.03125,2582,0,2,0,0,2,0,0,0,2582,2194,208.636363636,0,2,4.0997473256,0,0,0,0,1.96460688,1.2388695316,1
3,5.70839657,0,1,1,0,0.028985507,28595,0,2,2,0,0,1,0,1,9531,22182,2826.8,1,2,5.928751839,1,0,0,0,1.768510941,1.304469469,1
0,5.701590782,0,0,0,0,0.068181818,383,2,1,0,0,0,0,0,0,383,196,67,0,0,5.750120918,0,0,0,0,2.541172959,1.041666667,1
0,5.670220484,0,0,0,0,0.363636364,1276,0,5,0,0,6,0,0,2,140.8888889,384,162.8571429,0,0,5.772638487,0,0,0,0,4.077282274,1.970055162,0
89,5.65957441,14,5,4,0,0.045046483,95288,20,75,0,0,276,0,3,2,276.8104956,297,11.73897325,12,275,5.563127891,45,2,27,0,2.351724543,1.043740192,0
51,5.593989255,0,4,4,0,0.059379772,67209,39,53,0,0,81,0,1,6,236.4911661,628,14.74555556,5,111,5.506036252,1,0,4,0,2.472004223,1.579309108,0
59,5.574754551,25,5,3,1,0.062883276,49521,42,18,15,0,59,1,1,16,48.37387836,2150,12.49365482,4,240,5.603801371,0,8,4,0,2.032257893,13.99629019,0
1,5.5358128872,0,0,0,0,0.0236220472,2433,0,2,0,0,2,0,0,0,1216,2025,109.4,0,1,4.0305476016,0,0,0,0,2.0178621993,1.1508425812,1
0,5.526900618,0,0,0,0,0.133333333,217,0,1,0,0,1,0,0,0,53.5,171,85.5,0,0,5.701047827,0,0,0,0,2.763450309,3.255813953,0
0,5.519194664,0,0,0,0,0.103448276,5625,0,16,0,0,0,2,0,0,243.6086957,487,242.3333333,0,2,5.723319156,0,0,0,0,4.495250625,1.570306924,0
3,5.51259131,1,0,0,0,0.025,369,0,1,0,0,0,0,0,0,369,235,48.8,0,2,5.728353138,0,0,0,0,1.486903881,0.27027027,0
19,5.506268793,0,4,4,0,0.098929783,31320,16,11,0,0,61,0,0,1,55.33273381,492,12.48205128,2,44,4.509511908,0,0,0,0,2.438015198,35.8447637,0
0,5.498368564,0,0,0,0,0.103448276,5501,0,16,0,0,0,2,0,0,238.2173913,485,236.4285714,0,2,5.720951825,0,0,0,0,4.492835923,1.605839416,0
0,5.495114355,0,0,0,0,0.117241379,5901,0,16,0,0,0,2,0,0,255.6086957,517,255.4761905,0,2,5.70787092,0,0,0,0,4.502355454,1.496598639,0
0,5.440994632,0,0,0,0,0.046357616,3012,1,11,0,0,0,0,0,0,70.73809524,203,88.5,0,1,5.739862645,0,0,0,0,3.368631675,5.955585464,0
0,5.440994632,0,0,0,0,0.046357616,3053,1,11,0,0,0,0,0,0,71.71428571,203,88.5,0,1,5.765533793,0,0,0,0,3.368631675,5.874543644,0
0,5.433035374,0,0,0,0,0.117948718,3379,0,20,0,0,0,3,0,1,124.1851852,176,75.91176471,0,3,5.517472789,0,0,0,0,3.926228216,3.339296363,0
0,5.433035374,0,0,0,0,0.117948718,3598,0,20,0,0,0,3,0,1,132.2962963,176,75.91176471,0,3,5.584303891,0,0,0,0,3.919341263,3.442485306,0
0,5.427180847,0,0,0,0,0.117948718,3618,0,20,0,0,0,3,0,1,133.037037,176,75.91176471,0,3,5.592821201,0,0,0,0,3.918907991,3.423323128,0
0,5.420120173,0,0,0,0,0.068965517,309,0,1,0,0,0,1,0,0,61,166,57.66666667,0,0,5.631293928,0,0,0,0,2.647253603,3.594771242,0
0,5.420120173,0,0,0,0,0.118556701,3499,0,19,0,0,0,3,0,1,128.6296296,176,74.63636364,0,3,5.59302271,0,0,0,0,3.894781371,3.540587219,0
6,5.407027849,1,0,0,1,0.065233786,18289,35,8,0,0,50,0,0,1,26.96636086,648,14.8041958,1,30,5.664188065,4,1,0,0,2.690696039,12.28667007,0
0,5.401782195,0,0,0,0,0.068965517,310,0,1,0,0,0,1,0,0,61.2,167,58,0,0,5.618988382,0,0,0,0,2.641140944,3.583061889,0
0,5.396358274,0,0,0,0,0.092592593,655,0,2,0,0,7,0,0,0,35.44444444,116,34.11111111,0,1,5.035937531,0,0,0,0,3.142626343,26.13458529,0
0,5.364115214,1,0,0,0,0.130434783,757,0,2,0,0,11,0,0,4,30.58333333,95,15.5,0,6,5.274246282,0,0,0,0,2.497410702,5.034013605,0
0,5.356441292,0,4,4,0,0.066568047,3273,1,1,0,0,13,0,0,0,61.96153846,404,14.08219178,0,24,5.555010952,0,0,0,0,2.089996345,10.42506981,0
0,5.356441292,0,4,4,0,0.066568047,3324,1,1,0,0,13,0,0,0,62.94230769,404,14.08219178,0,24,5.584206132,0,0,0,0,2.089996345,10.26267563,0
0,5.34381183,0,0,0,0,0.428571429,285,0,2,0,0,0,0,0,0,94.33333333,180,61.5,0,0,5.413853323,0,0,0,0,3.262085955,5.281690141,0
2,5.337572617,0,0,0,0,0.037228261,8977,0,3,0,0,23,3,1,0,146.1803279,102,8.145985401,0,22,5.424397553,0,0,5,0,1.943995191,1.222247141,0
0,5.336824656,0,0,0,0,0.07885906,10754,0,90,0,0,0,0,0,0,86.43902439,107,85.26213592,0,1,5.800798925,0,0,0,0,4.764893685,5.087933791,0
0,5.301206194,0,0,0,0,0.10619469,1245,0,4,0,0,0,4,0,0,88,194,78.22222222,0,0,5.481776753,0,0,0,0,2.962576533,3.568532036,0
0,5.301206194,0,0,0,0,0.10619469,1248,0,4,0,0,0,4,0,0,88.21428571,194,78.55555556,0,0,5.484671756,0,0,0,0,2.964686608,3.55987055,0
0,5.295046766,0,0,0,0,0.119047619,732,0,5,0,0,3,0,0,0,243.3333333,125,41.92307692,0,3,5.528026482,0,0,0,0,2.870269463,1.367989056,0
2,5.284159368,0,0,0,0,0.037228261,8965,0,3,0,0,23,3,1,0,145.9836066,99,8.058394161,0,22,5.424564743,0,0,5,0,1.939792067,1.223894004,0
2,5.276273317,0,0,0,0,0.037228261,8970,0,3,0,0,23,3,1,0,146.0655738,99,8.094890511,0,22,5.421114143,0,0,5,0,1.932816259,1.223207272,0
0,5.257380997,0,0,0,0,0.076923077,382,0,1,0,0,0,0,0,0,382,338,169,0,0,5.31352361,0,0,0,0,2.628690498,1.82767624,0
0,5.243244252,0,0,0,0,0.307692308,154,0,1,0,0,2,0,0,0,154,98,34.33333333,0,1,5.421942702,0,0,0,0,2.388390782,4.516129032,0
0,5.235121415,0,0,0,0,0.08778626,2523,0,6,2,0,12,0,1,0,314.5,206,26.48979592,0,6,5.621328259,0,0,0,0,2.891817097,2.185141041,0
0,5.234092157,0,0,0,0,0,295,0,2,0,0,0,0,0,0,48.33333333,105,70,0,0,5.44839116,0,0,0,0,3.489394771,5.841924399,0
0,5.23204351,0,0,0,0,0.226415094,755,0,5,0,0,8,0,0,0,53,130,55.11111111,0,2,5.383160225,0,0,0,0,3.481882202,3.095558546,0
0,5.23204351,0,0,0,0,0.226415094,768,0,5,0,0,8,0,0,0,53.92857143,130,55.11111111,0,2,5.415859589,0,0,0,0,3.481882202,3.042328042,0
0,5.226144605,0,0,0,0,0.076923077,376,0,1,0,0,0,0,0,0,376,332,166,0,0,5.277491085,0,0,0,0,2.613072302,1.856763926,0
0,5.22228314,0,2,0,0,0.117647059,255,0,1,0,0,2,0,0,0,41.66666667,164,64,0,0,5.474706135,0,0,0,0,3.087143937,0,0
0,5.215263967,0,0,0,0,0.181818182,1275,1,1,0,0,1,0,0,0,318,1221,411.3333333,0,0,5.297644808,0,0,0,0,2.766773023,2.356637863,0
0,5.215044538,0,0,0,0,0.081436077,10478,0,12,0,0,21,4,0,0,36.6942446,118,19.15492958,0,5,4.761760039,0,0,0,0,2.94917042,26.23015095,0
0,5.199611267,0,0,0,0,0.012987013,6684,3,39,0,0,2,0,0,0,33.6373057,97,28.33116883,0,24,5.446304095,0,0,0,0,3.03338297,2.987833051,1
0,5.195907996,0,0,0,0,0.076923077,383,0,1,0,0,0,0,0,0,383,339,169.5,0,0,5.26464485,0,0,0,0,2.597953998,1.822916667,0
0,5.195354603,0,0,0,0,0,289,0,2,0,0,0,0,0,0,47.33333333,102,68,0,0,5.434255975,0,0,0,0,3.463569736,5.964912281,0
0,5.188088822,0,0,0,0,0.076923077,373,0,1,0,0,0,0,0,0,373,329,164.5,0,0,5.253222309,0,0,0,0,2.594044411,1.871657754,0
0,5.187685925,0,0,0,0,0.10619469,1216,0,4,0,0,0,4,0,0,85.92857143,169,75,0,0,5.42349313,0,0,0,0,2.929145293,3.65448505,0
0,5.1868204,0,0,0,0,0.076923077,385,0,1,0,0,0,0,0,0,385,341,170.5,0,0,5.247385175,0,0,0,0,2.5934102,1.813471503,0
30,5.186704346,3,2,2,0,0.061419946,16307,20,7,0,0,86,0,0,0,225.5,108,8.224137931,1,116,5.470810432,1,2,4,0,1.861043165,1.810679313,0
0,5.180552888,0,0,0,0,0.081436077,10471,0,12,0,0,21,4,0,0,36.66906475,118,19.1056338,0,5,4.756138074,0,0,0,0,2.947930338,26.24816086,0
0,5.161872426,0,0,0,0,0.095238095,3243,0,3,0,0,7,0,0,5,53.06666667,195,27.33333333,0,5,4.532343774,0,0,0,0,2.715667736,36.76609105,0
0,5.16113196,0,0,0,0,0.220779221,2250,0,11,0,0,0,1,0,0,71.61290323,210,136,0,1,5.417358467,5,0,0,0,4.114864813,2.161188654,0
0,5.16113196,0,0,0,0,0.220779221,2262,0,11,0,0,0,1,0,0,72,210,136.8571429,0,1,5.431614414,5,0,0,0,4.12365945,2.149574563,0
0,5.158556502,0,0,0,0,0.07030303,2749,3,2,0,0,6,0,0,0,93.82758621,135,10.35897436,1,8,5.399830643,0,0,0,0,1.980757828,4.812637766,0
0,5.158556502,0,0,0,0,0.051282051,2124,3,2,0,0,6,0,0,0,110.8421053,135,11.19354839,1,7,5.441084632,0,0,0,0,1.910950326,2.278120551,0
0,5.14239976,0,0,0,0,0.125,256,0,1,0,0,0,0,0,0,63.25,205,102.5,0,0,5.394384731,0,0,0,0,2.57119988,0,0
0,5.135492763,0,0,0,0,0,167,0,1,0,0,0,0,0,0,32.6,112,56,0,0,5.414034396,0,0,0,0,2.567746381,6.707317073,0
0,5.134627738,0,2,0,0,0.117647059,283,0,1,0,0,2,0,0,0,46.33333333,192,73.33333333,0,0,5.417928671,0,0,0,0,3.05792547,0,0
17,5.130596291,0,0,0,0,0.095705521,21065,20,11,0,0,14,0,0,1,38.59774436,139,19.12878788,1,13,4.805524666,6,0,2,0,2.901082677,27.66009253,0
0,5.129123405,0,0,0,0,0.220779221,2244,0,11,0,0,0,1,0,0,71.41935484,207,135.5714286,0,1,5.411991896,5,0,0,0,4.105841345,2.167042889,0
0,5.125408205,0,0,0,0,0.129151292,2069,16,3,0,0,9,0,0,0,29.89552239,120,19.48717949,0,0,5.396977497,0,0,0,0,3.041729443,6.986027944,0
0,5.11755056,0,0,0,0,0.076923077,375,0,1,0,0,0,0,0,0,375,331,165.5,0,0,5.173103636,0,0,0,0,2.55877528,1.861702128,0
253,5.108353016,7,29,22,0,0.050938641,653677,237,165,5,5,981,41,4,71,137.4617666,215,11.20041201,33,899,5.319823829,17,0,52,2,2.488023389,8.349230613,0
5,5.107718941,0,1,1,0,0.05,1886,1,1,0,0,5,0,0,0,98.31578947,1071,55.52,0,5,5.470413186,0,0,0,0,2.643558051,7.811663991,0
1,5.096637892,2,0,0,0,0.08353222,8672,13,11,0,0,26,0,0,0,28.2020202,130,14.9609375,0,27,5.36159921,0,0,3,0,2.141770343,7.651904023,0
0,5.087363574,0,0,0,0,0.090909091,470,0,4,0,0,0,1,0,0,156,113,68.83333333,0,1,5.271628165,0,0,0,0,3.387028964,1.279317697,0
1,5.060857486,0,0,0,0,0.107142857,869,0,2,0,0,1,0,0,0,289,477,71.375,0,4,5.55165059,0,0,0,0,2.03464338,1.612903226,0
0,5.053937007,0,0,0,0,0.142857143,186,0,1,0,0,0,0,0,0,61.33333333,127,63.5,0,0,5.338656942,0,0,0,0,2.526968504,3.243243243,0
3,5.0491568219,0,1,1,0,0.0283687943,860,0,2,1,0,0,0,0,0,429.5,292,53.1,1,2,5.5838165832,0,0,0,0,1.6550639928,1.1627906977,1
0,5.038105875,0,0,0,0,0.090909091,479,0,4,0,0,0,1,0,0,159,116,70.33333333,0,1,5.260866751,0,0,0,0,3.37517269,1.255230126,0
0,5.034364653,0,0,0,0,0.01369863,509,4,1,0,0,2,0,0,0,509,145,27.57142857,0,0,5.305634568,0,0,0,0,2.656035905,4.117647059,1
0,5.033594126,6,1,0,0,0.12,2156,0,14,0,0,12,0,0,5,60.62857143,167,23.23214286,0,6,5.411247466,0,0,0,0,2.5005488,3.532736693,1
0,5.033546375,0,0,0,0,0.1,170,0,1,0,0,0,0,0,0,33.2,115,57.5,0,0,5.325075651,0,0,0,0,2.516773187,6.586826347,0
0,5.033099771,0,1,1,0,0.040892193,2014,4,7,0,0,5,0,0,0,37.75,210,53.25,0,0,5.529635784,0,0,0,0,3.546099799,5.448065173,0
0,5.033099771,0,2,2,0,0.072916667,1462,2,5,0,0,5,0,0,0,44.71875,193,40.05882353,0,1,5.609772109,0,0,0,0,3.023996912,5.93575419,0
0,5.031475369,0,0,0,0,0.130434783,1293,0,1,0,0,2,0,0,0,45.21428571,506,81.42857143,0,0,4.970222403,0,0,0,0,2.873181858,23.36227309,0
39,5.028639312,2,6,4,0,0.057004405,48257,34,5,1,0,83,3,1,2,9650.6,104,9.303899083,4,109,5.586294793,2,1,18,0,2.478356609,0.884900734,1
5,5.026767714,2,0,0,0,0.107816712,2681,5,3,0,0,10,0,0,0,35.24324324,262,18.52631579,1,14,5.189154399,0,1,0,0,1.978447669,8.662322729,0
0,5.015558641,0,2,2,0,0.153846154,303,0,2,0,0,0,0,0,0,303,149,56,0,1,5.107453477,0,0,0,0,2.407309327,6.907894737,1
0,5.014544296,0,0,0,0,0.1,173,0,1,0,0,0,0,0,0,33.8,118,59,0,0,5.275616952,0,0,0,0,2.507272148,6.470588235,0
20,5.011827681,2,1,1,0,0.07964298,22839,13,5,1,0,56,0,0,0,32.78698225,132,9.770491803,2,48,4.05502667,9,0,6,0,2.259423142,44.41687345,0
0,4.984083216,0,0,0,0,0.074074074,708,0,3,0,0,3,0,0,0,140.8,91,24,0,2,5.4063112,0,0,0,0,2.478875988,0.567375887,0
0,4.974718868,0,0,0,0,0.1,179,0,1,0,0,0,0,0,0,35,124,62,0,0,5.281642104,0,0,0,0,2.487359434,6.25,0
0,4.96927449,0,0,0,0,0.043478261,132,0,1,0,0,0,1,0,0,25.6,47,13.5,0,1,5.461764411,0,0,0,0,1.846892581,2.325581395,0
0,4.953662147,0,0,0,0,0.134920635,1853,0,4,0,0,2,0,0,5,53.52941176,596,95.27272727,0,1,5.341095,0,0,0,0,2.97222204,9.225700165,0
0,4.950599077,0,0,0,0,0.015151515,503,3,2,0,0,4,0,0,0,44.81818182,81,25.875,0,0,5.169578168,0,0,0,0,3.010030022,12.34817814,0
0,4.94924833,1,0,0,0,0.110204082,1879,2,5,0,0,4,0,0,5,33.18181818,126,27.31034483,0,6,5.450222877,0,0,3,0,2.481182323,6.133625411,0
0,4.92511855,0,0,0,0,0.03125,249,0,1,0,0,0,1,0,0,40.66666667,44,15.33333333,0,2,5.129078435,0,0,0,0,2.377581238,9.387755102,0
0,4.922185556,1,0,0,0,0.114893617,1584,2,3,0,0,4,0,0,5,28.90566038,126,21.64,0,6,5.378354086,0,0,3,0,2.296218031,7.305936073,0
4,4.918370612,0,0,0,0,0.052875696,2551,0,2,0,0,18,0,0,0,282.5555556,97,11.86666667,0,10,5.518566649,0,0,0,0,2.240703607,2.201257862,0
0,4.91658812,0,0,0,0,0.015151515,524,3,2,0,0,4,0,0,0,46.72727273,81,25.875,0,0,4.974792129,0,0,0,0,2.989974224,17.86407767,0
0,4.911004183,0,0,0,0,0.03030303,2084,0,4,0,0,0,0,0,0,93.77272727,652,366,0,0,5.378525455,0,0,0,0,3.863382472,0.678294574,0
21,4.899375058,3,16,16,0,0.078320988,66592,9,19,1,0,49,0,1,2,37.2498564,192,10.9213732,12,76,5.061971374,144,1,4,0,2.56660248,18.90737514,0
0,4.893263729,0,0,0,0,0.057142857,2964,0,7,0,0,5,0,0,0,38.01315789,92,17.26229508,0,1,4.968732578,0,0,0,0,3.052691758,21.52249135,0
0,4.888746642,0,0,0,0,0.184210526,1750,0,15,0,0,0,1,0,0,217.875,123,97.82352941,0,1,5.054970388,0,0,0,0,4.222104598,0.286697248,0
0,4.88418757,0,2,2,0,0.181818182,169,0,2,0,0,0,0,0,0,84,96,49,0,0,5.159069777,0,0,0,0,3.056968784,2.366863905,1
0,4.880325509,0,0,0,0,0.205128205,1855,0,16,0,0,0,1,0,0,231,123,98.16666667,0,1,5.044662709,0,0,0,0,4.240637735,0.270416441,0
0,4.880280869,0,0,0,0,0,65,0,1,0,0,0,0,0,0,65,56,28,0,0,4.995123199,0,0,0,0,2.440140435,0,0
2,4.878212825,0,0,0,0,0.032967033,21097,0,2,1,0,0,0,0,0,1317.625,19858,2584.625,0,1,5.021815971,0,0,0,0,1.794828844,5.070435896,1
0,4.877883557,0,0,0,0,0.272727273,363,0,2,0,0,0,0,0,0,71.8,164,104.6666667,0,0,5.05129532,0,0,0,0,3.238474123,2.222222222,0
1,4.874331729,0,0,0,0,0.053191489,2035,1,11,0,0,10,0,0,0,87.52173913,116,34.92105263,0,0,5.314932388,0,0,0,0,3.373135936,2.184707051,0
0,4.874002795,0,0,0,0,0.166666667,278,0,2,0,0,2,0,0,0,33.875,68,42.33333333,0,0,5.487750466,0,0,0,0,3.225468555,11.39705882,0
22,4.873235826,0,2,2,0,0.050415931,13340,39,2,0,0,33,1,0,0,493.1111111,70,9.462025316,6,42,5.584413585,1,0,10,0,2.265743167,7.57791964,1
0,4.870253712,0,0,0,0,0.235294118,407,0,1,0,0,0,0,0,1,36.09090909,139,24.71428571,0,1,4.555640868,0,0,0,0,2.252469777,29.14572864,0
0,4.867876515,0,0,0,0,0.059210526,978,0,2,0,0,14,0,0,0,325.3333333,92,14.5,0,5,5.497490336,0,0,0,0,2.478151097,3.582395087,0
0,4.862705059,0,0,0,0,0.015151515,493,3,2,0,0,4,0,0,0,43.90909091,81,25.875,0,0,5.090419816,0,0,0,0,2.958200116,12.60330579,0
0,4.860638517,0,0,0,0,0.125,197,0,1,0,0,1,0,0,0,32,104,36.66666667,0,0,5.212434244,0,0,0,0,2.370755895,6.21761658,0
1,4.858728118,0,0,0,0,0.06741573,862,1,1,0,0,2,0,0,0,862,96,13.35294118,1,8,5.221168839,1,0,0,0,1.8338329,0.811123986,1
1,4.857477949,0,0,0,0,0.06741573,866,1,2,0,0,2,0,0,0,866,98,13.58823529,1,8,5.218508153,1,0,0,0,1.835117322,0.807381776,1
0,4.854934179,0,0,0,0,0.075630252,1035,0,2,0,0,3,1,0,0,29.47058824,64,15.6875,0,2,5.306019462,0,0,0,0,2.802760548,12.46261216,0
0,4.849940356,0,0,0,0,0.057971014,1305,0,5,0,0,20,0,0,0,216.6666667,101,16.69565217,0,3,5.467080828,0,0,0,0,2.678051383,1.229823213,0
31,4.8420576,0,2,2,0,0.058833116,19859,52,5,0,0,33,3,0,1,661,299,12.15765766,4,35,5.545321557,2,0,7,0,2.325178788,5.683021532,1
0,4.840083252,0,0,0,0,0.013661202,4426,0,50,0,0,50,0,0,0,32.03731343,85,68.25490196,0,0,5.041616768,0,0,0,0,3.993464468,0.815090824,1
0,4.838566847,0,0,0,0,0.0625,251,0,1,0,0,0,1,0,0,41,46,15.66666667,0,2,5.107196463,0,0,0,0,2.363155954,9.311740891,0
0,4.836433629,0,0,0,0,0.193548387,176,0,0,0,0,1,0,0,0,24.28571429,39,24.66666667,0,0,5.366793534,0,0,0,0,2.954008496,2.339181287,0
0,4.836080318,1,0,0,0,0.03030303,252,0,1,0,0,0,0,0,0,83.33333333,45,8.375,1,3,5.105974895,0,0,0,0,1.440020055,0.398406375,0
0,4.829737421,0,0,0,0,0.052238806,651,0,1,0,0,0,0,0,0,216.3333333,60,15.375,0,1,5.38303826,0,0,0,0,2.846880277,0.615384615,0
0,4.821617144,0,1,1,0,0.142857143,246,0,1,0,0,0,0,0,0,81.33333333,226,113,0,0,4.901100253,0,0,0,0,2.410808572,5.714285714,0
0,4.821617144,0,1,1,0,0.142857143,248,0,1,0,0,0,0,0,0,82,226,113,0,0,4.929245076,0,0,0,0,2.410808572,5.668016194,0
15,4.81772428,0,0,0,0,0.052342087,17197,17,9,1,0,14,5,0,0,183.9247312,189,13.38993711,3,48,5.45412171,0,0,6,0,2.286376495,1.812229627,0
0,4.808634691,0,0,0,0,0.058823529,156,0,1,0,0,0,0,0,0,51.33333333,101,28.25,0,0,5.156656108,0,0,0,0,2.327973256,1.290322581,0
3,4.808281076,0,17,17,0,0.091223353,38201,1,18,0,0,97,0,22,4,35.7680462,200,13.38844622,11,55,5.118416296,7,0,0,0,2.746962197,25.31751157,0
0,4.804421168,0,0,0,0,0.26744186,1923,0,11,0,0,8,0,0,0,119.25,113,49.875,0,2,5.83224401,0,0,0,0,3.656029467,6.338397067,0
0,4.804421168,0,0,0,0,0.26744186,1944,0,11,0,0,8,0,0,0,120.5625,113,50.53125,0,2,5.866816927,0,0,0,0,3.673442932,6.373056995,0
0,4.803088745,0,0,0,0,0.112903226,369,2,1,0,0,2,0,0,0,369,81,26,1,0,5.076811984,0,0,0,0,2.945913793,6.216216216,0
0,4.802529763,0,0,0,0,0.0625,250,0,1,0,0,0,1,0,0,40.83333333,45,15.5,0,2,5.113487993,0,0,0,0,2.357149773,9.349593496,0
58,4.802452242,0,1,1,0,0.038864388,57256,74,9,1,0,72,9,4,3,2725.52381,307,9.15615142,2,142,5.521412765,1,0,12,0,2.159356658,1.416915632,1
86,4.802452242,0,3,3,0,0.037817967,73796,97,10,0,0,98,21,5,3,413.5898876,337,8.969915764,4,192,5.375103005,1,0,21,0,2.148422226,2.512904102,1
3,4.801489785,0,0,0,0,0.042735043,717,0,2,1,0,0,0,0,0,178.5,263,47.77777778,0,1,5.359301919,0,0,0,0,1.775879163,0.979020979,1
0,4.791635874,0,0,0,0,0,130,0,1,0,0,0,1,0,0,25.2,45,13,0,1,5.445069114,0,0,0,0,1.802482927,2.362204724,0
0,4.790147561,0,0,0,0,0.077625571,1220,5,5,0,0,0,0,0,2,110,92,27.42105263,0,1,5.443552359,0,0,0,0,2.887255624,1.56895128,0
0,4.786502545,0,0,0,0,0.03125,248,0,1,0,0,0,1,0,0,40.5,43,15.16666667,0,2,5.111857799,0,0,0,0,2.35447857,9.426229508,0
0,4.785449697,0,0,0,0,0.013513514,442,0,1,0,0,8,0,0,0,146.6666667,92,11.2,0,5,5.387221407,0,0,0,0,2.172676216,1.360544218,0
0,4.769811274,0,0,0,0,0.086538462,1740,0,15,0,0,26,0,0,0,192.4444444,115,29.09259259,0,4,5.34860746,0,0,0,0,3.286839609,2.885170225,0
0,4.765624784,0,0,0,0,0.266666667,1312,0,11,0,0,0,1,0,1,261.6,123,93.84615385,0,1,5.003199964,0,0,0,0,4.025785644,2.291825821,0
0,4.76329922,0,0,0,0,0.038461538,228,0,1,0,0,1,0,0,0,27.625,83,41.5,0,0,4.598711802,0,0,0,0,2.38164961,27.92792793,0
0,4.762267391,0,0,0,0,0.043478261,131,0,1,0,0,0,1,0,0,25.4,46,13.25,0,1,5.417682475,0,0,0,0,1.795140806,2.34375,0
0,4.762236732,0,0,0,0,0.092429577,7395,9,18,0,0,6,0,0,0,54.19402985,98,39.47826087,4,0,5.289055901,0,0,0,0,3.667059897,4.089219331,0
0,4.753035084,0,1,1,0,0.2,166,0,1,0,0,0,0,0,0,166,113,56.5,0,0,4.929770375,0,0,0,0,2.376517542,5.389221557,1
0,4.752394578,0,0,0,0,0.12,225,0,1,0,0,3,0,0,0,112,82,25,0,0,5.32550439,0,0,0,0,2.605579895,8,0
0,4.751391499,0,0,0,0,0,128,0,1,0,0,0,1,0,0,24.8,43,12.5,0,1,5.370635891,0,0,0,0,1.792421833,2.4,0
0,4.749542463,0,1,1,0,0.055555556,275,0,1,0,0,3,0,0,0,38.42857143,159,26.625,0,2,5.17906212,0,0,0,0,2.464198129,2.962962963,0
0,4.743987908,0,0,0,0,0.037735849,576,0,1,0,0,0,0,0,1,43.38461538,101,29.5,0,0,4.348937458,0,0,0,0,3.130966255,35.39823009,0
0,4.743987908,0,0,0,0,0.037735849,585,0,1,0,0,0,0,0,1,44.07692308,101,29.5,0,0,4.396706233,0,0,0,0,3.130966255,34.84320557,0
2,4.74343062,0,0,0,0,0.046486486,3755,0,3,0,0,7,0,0,0,249.4,92,10.46666667,0,28,5.525015659,0,0,0,0,1.828495802,0.668091929,0
0,4.738245335,0,0,0,0,0.181818182,117,0,1,0,0,0,0,0,0,117,84,42,0,0,4.901903559,0,0,0,0,2.369122668,2.542372881,1
2,4.738069669,0,0,0,0,0.047058824,406,0,1,0,0,3,0,0,0,134.6666667,72,15.5,0,1,5.487629551,0,0,0,0,2.012986612,3.950617284,0
0,4.735926351,0,1,1,0,0.074792244,2486,7,2,0,0,2,0,0,0,27.5862069,83,18.35714286,1,2,5.318377243,0,0,0,0,2.359328357,6.87213661,0
0,4.730782701,0,0,0,0,0.088768116,3470,0,8,0,0,37,0,0,0,35.92553191,63,18.90697674,0,5,5.294140295,0,0,0,0,2.819294531,17.28833629,0
1,4.726755252,0,0,0,0,0.129213483,4179,8,1,0,0,1,0,0,0,31.40310078,49,10.76666667,1,2,5.269818148,0,0,0,0,2.48931654,7.749259625,0
1,4.726755252,0,0,0,0,0.129213483,4307,8,1,0,0,1,0,0,0,32.39534884,49,10.76666667,1,2,5.306185101,0,0,0,0,2.48931654,7.511961722,0
0,4.72131578,0,1,1,0,0.055555556,234,0,1,0,0,3,0,0,0,32.57142857,122,21.5,0,2,5.179651521,0,0,0,0,2.501953912,3.493449782,0
1,4.719122307,0,0,0,0,0.06741573,870,1,2,0,0,2,0,0,0,870,100,13.82352941,1,8,5.199512512,1,0,0,0,1.808705774,0.803673938,1
0,4.714170115,0,0,0,0,0.081339713,4262,0,3,0,0,30,5,0,2,33.94262295,76,13.15789474,0,18,4.305082749,0,0,0,0,2.311935965,40.05311444,0
0,4.713261638,0,0,0,0,0,612,0,3,0,0,10,0,0,0,203.3333333,85,21.21052632,0,5,5.448038811,0,0,0,0,2.308830408,1.636661211,0
0,4.712785513,0,0,0,0,0.033333333,274,2,1,0,0,1,0,0,0,90.66666667,75,18.22222222,0,0,5.210692026,0,0,0,0,2.593187093,0,0
1,4.703899283,0,0,0,0,0.1,868,0,1,0,0,1,0,0,0,32.42307692,116,19,0,4,4.628826669,0,0,0,0,1.471287245,28.08056872,0
164,4.70164544,0,2,1,0,0.053247513,298031,112,239,0,0,483,15,1,6,123.5953177,245,17.39449036,11,357,5.549977745,1,0,39,1,2.992969854,1.947294185,0
0,4.699976525,0,3,3,0,0.086956522,508,0,1,0,0,9,0,0,0,168.6666667,85,13.52173913,0,5,5.376006839,0,0,0,0,2.374193906,1.183431953,0
0,4.685769595,0,0,0,0,0.239622642,10779,24,28,0,0,8,0,0,0,57.27027027,51,20.3028169,0,4,3.503865289,0,0,0,0,3.073334111,54.94526236,0
10,4.681625957,0,0,0,0,0.053405194,6418,0,2,0,0,11,0,0,0,304.6666667,92,7.63372093,1,70,5.502144576,0,0,0,0,1.785012391,0.750117206,0
11,4.681625957,0,0,0,0,0.053303965,7694,0,2,0,0,12,0,0,0,333.5652174,92,8.491620112,0,70,5.390768789,0,0,0,0,1.880023886,0.534341196,0
0,4.677279699,0,0,0,0,0.111111111,754,0,6,0,0,15,0,0,0,21.20588235,56,29.4375,0,5,5.033631997,0,0,0,0,3.037610635,11.21883657,0
9,4.674436058,1,0,0,0,0.094869993,21969,16,163,0,0,255,0,0,3,208.2380952,64,22.56808199,0,96,5.455631211,1,0,0,0,2.984960739,1.907070338,0
9,4.674436058,1,0,0,0,0.094869993,22073,16,163,0,0,255,0,0,3,209.2285714,64,22.56808199,0,96,5.473126539,1,0,0,0,2.984960739,1.898042786,0
0,4.672042008,0,0,0,0,0.26984127,1160,1,8,0,0,1,0,0,0,43.65384615,61,24.66666667,0,2,4.422729288,0,0,0,0,3.074547698,34.9471831,0
0,4.659709614,0,0,0,0,0.041871921,1549,4,2,0,0,6,0,0,0,386.5,84,13.33333333,0,0,5.419343113,0,0,5,0,2.743891683,0.646412411,1
0,4.639521843,0,1,1,0,0.093415008,7618,0,14,0,0,1,0,0,0,33.31981982,93,28.25,1,1,4.379031243,7,0,0,0,3.44388097,34.19843201,0
0,4.637659142,0,0,0,0,0.033333333,212,0,1,0,0,0,0,0,0,20.3,71,35.5,0,0,5.123205304,0,0,0,0,2.318829571,5.392156863,0
0,4.630621154,0,0,0,0,0.068181818,296,0,1,0,0,0,0,0,0,32,57,22.66666667,0,0,5.486830985,0,0,0,0,2.454260015,12.11072664,0
0,4.624111173,0,0,0,0,0.03125,247,0,1,0,0,0,1,0,0,40.33333333,42,15,0,2,5.091465052,0,0,0,0,2.327413341,9.465020576,0
0,4.621511596,0,0,0,0,0.133333333,163,0,1,0,0,0,0,0,0,31.8,89,27.5,0,0,4.924846194,0,0,0,0,2.618899646,7.5,0
0,4.613858096,0,0,0,0,0.078282828,3016,15,2,0,0,14,0,0,0,38.18181818,47,14,0,5,4.824656188,1,0,0,0,2.862951923,24.88949337,0
0,4.607976707,0,0,0,0,0.064885496,2411,4,1,0,0,7,0,0,0,36.10769231,45,10.66666667,0,0,3.841839905,0,0,4,0,2.421807684,47.10391823,0
4,4.607466153,1,0,0,0,0.066012489,21032,12,2,0,0,23,0,0,0,77.7752809,53,9.209876543,0,10,2.06910156,3,0,4,0,2.248931227,76.90566765,0
0,4.60406743,0,0,0,0,0.041871921,1549,4,2,0,0,6,0,0,0,386.5,84,13.33333333,0,0,5.415814192,0,0,5,0,2.741830862,0.646412411,0
0,4.601884937,0,0,0,0,0.043478261,954,4,1,0,0,3,0,0,0,40.52173913,117,19.6,0,0,4.129754153,0,0,4,0,2.734753773,38.37084673,0
0,4.598333452,0,0,0,0,0.055555556,151,0,1,0,0,0,0,0,0,151,80,26.25,0,0,4.978864737,0,0,0,0,2.551111317,3.289473684,0
0,4.596363314,0,0,0,0,0.130434783,186,0,1,0,0,1,0,0,0,45.75,105,39.66666667,0,0,5.412898146,0,0,0,0,2.640408757,0.543478261,0
0,4.589392843,0,0,0,0,0.037037037,628,0,1,0,0,12,0,0,0,61.9,52,16.85714286,0,4,5.395912573,0,0,0,0,2.821458469,5.322580645,0
0,4.586007935,0,0,0,0,0.307692308,199,0,2,0,0,0,0,0,0,199,64,33.4,0,0,5.014466811,0,0,0,0,3.398895567,2,0
0,4.585913061,0,0,0,0,0.045454545,1241,4,2,0,0,6,0,0,0,309.5,82,13.7826087,0,0,5.416235332,0,0,5,0,2.693259914,0.807102502,1
0,4.582859742,0,0,0,0,0.157894737,244,0,3,0,0,3,0,0,0,48,63,47.25,0,0,4.993319422,0,0,0,0,3.424663668,2.489626556,0
0,4.581231918,0,0,0,0,0.133333333,164,0,1,0,0,0,0,0,1,164,77,15.75,0,3,4.889292689,0,0,0,0,1.651311493,3.636363636,0
0,4.574875776,0,0,0,0,0.073684211,497,0,1,0,0,4,0,0,0,37.30769231,52,11.2,0,5,5.170373692,0,0,0,0,1.793507147,20.37037037,0
0,4.568822813,1,0,0,0,0.058823529,4598,0,1,0,0,1,0,0,1,4598,4563,2281.5,0,0,4.592055578,0,1,0,0,2.284411407,0,1
6,4.565344987,0,0,0,0,0.092972182,10675,4,10,0,0,6,0,0,4,35.56164384,109,16.45652174,1,17,4.563398545,0,0,2,0,2.64454523,31.81511796,0
0,4.560990452,1,0,0,0,0,122,0,1,0,0,0,0,0,0,122,95,47.5,0,0,4.828330171,0,1,0,0,2.280495226,1.62601626,1
0,4.558334713,0,0,0,0,0.063157895,504,0,1,0,0,4,0,0,0,37.84615385,67,13,0,5,5.18806528,0,0,0,0,1.873675124,20.0811359,0
1,4.551191174,2,0,0,0,0.027190332,1094,3,1,0,0,0,0,0,0,364,46,10.47619048,0,3,5.492979025,0,1,4,0,2.32288078,1.921317475,0
0,4.551191174,0,0,0,0,0.034285714,1154,3,1,0,0,1,0,0,0,384,46,13.05555556,0,0,5.234853398,0,0,0,0,2.836393287,1.040763226,0
0,4.548135757,0,0,0,0,0.130434783,142,0,1,0,0,1,0,0,0,34.75,61,25,0,0,5.313961493,0,0,0,0,2.642306417,0.714285714,0
0,4.538659571,0,0,0,0,0.102564103,527,0,2,0,0,0,0,0,0,57.66666667,160,43,0,0,4.910747369,0,0,0,0,3.54669065,19.80769231,0
0,4.524989954,0,0,0,0,0.044642857,1685,0,2,0,0,1,0,0,0,26.19354839,66,12.48888889,0,1,4.866168371,0,0,0,0,2.487173286,27.13846154,0
2,4.518703488,0,3,3,0,0.085846868,8074,0,6,1,0,8,0,0,0,32.3677686,73,15.18181818,0,10,5.908496886,0,0,0,0,2.871047526,6.1781976,0
0,4.517272344,0,0,0,0,0.018518519,632,0,2,0,0,12,0,0,0,62.3,49,17.14285714,0,4,5.470647073,0,0,0,0,2.830726011,5.288461538,0
0,4.504872751,0,0,0,0,0.066666667,343,0,2,0,0,0,0,0,0,48.14285714,74,20.90909091,0,0,4.921946202,0,0,0,0,2.814522021,9.171597633,0
8,4.499848608,0,1,1,0,0.052609249,6619,0,6,0,0,11,0,0,1,173.2105263,74,14.79166667,0,20,5.439990207,0,0,0,1,2.599505745,1.200060763,0
6,4.498871107,0,0,0,0,0.052428256,7535,0,7,0,0,12,2,0,2,51.33333333,68,18.1627907,0,13,5.227864917,9,0,0,0,2.90298836,1.068578385,0
0,4.497563813,0,0,0,0,0.11627907,257,0,1,0,0,1,0,0,0,31.25,68,34,0,0,4.968944726,0,0,0,0,2.248781906,12.74900398,0
11,4.495684204,2,1,0,0,0.05389556,15132,17,4,0,0,24,0,0,1,60.26720648,72,12.38688525,2,37,5.333718007,0,0,4,0,2.735717417,0.63142339,0
18,4.494776401,0,0,0,0,0.046674446,23366,0,7,0,0,12,0,0,0,291.0875,405,12.04529617,5,39,5.433021263,0,0,0,0,2.493775544,1.477155617,0
3,4.494233779,1,0,0,0,0.066480707,7876,1,1,0,0,25,0,0,0,159.755102,59,7.523178808,1,39,5.414198154,0,0,4,0,1.996262773,1.698812109,0
0,4.490327073,0,0,0,0,0.029411765,568,0,3,0,0,11,0,0,0,283.5,66,14.44117647,0,0,5.313548245,0,0,0,0,2.717630217,0.176056338,0
0,4.490327073,0,0,0,0,0.025316456,632,0,3,0,0,12,0,0,0,315.5,66,13.625,0,0,5.338849224,0,0,0,0,2.703055626,0.158227848,0
0,4.479355125,0,0,0,0,0.016949153,460,0,1,0,0,10,0,0,1,152.6666667,59,13.42307692,0,5,5.236126666,0,0,0,0,2.591338627,1.307189542,0
0,4.477024974,0,0,0,0,0.454545455,356,0,2,0,0,7,0,0,0,34.7,48,23.5,0,0,4.739949284,3,0,0,0,3.064441743,12.35632184,0
0,4.473943592,0,0,0,0,0.111940299,694,0,1,0,0,0,0,0,0,230.6666667,56,13.5,0,0,5.175121122,0,0,0,0,2.76294266,4.761904762,0
0,4.473563988,0,0,0,0,0.020408163,733,3,4,0,0,5,0,0,0,42.17647059,49,19.82352941,0,0,5.430537197,0,0,0,0,3.134141916,6.267409471,0
2,4.473429846,0,2,2,0,0.051321928,3416,5,4,0,0,15,0,0,0,33.86734694,53,14.55882353,2,5,5.091093882,0,0,0,0,2.747888641,17.40963855,0
0,4.471557895,0,0,0,0,0.129032258,413,1,1,0,0,0,0,0,0,50.75,55,22,0,0,3.225452117,1,0,0,0,2.52245105,55.77395577,0
0,4.470765917,0,0,0,0,0.063157895,489,0,1,0,0,4,0,0,0,36.69230769,53,11.5,0,5,5.184795197,0,0,0,0,1.852088471,20.71129707,0
0,4.470765917,0,0,0,0,0.063157895,501,0,1,0,0,4,0,0,0,37.61538462,53,11.5,0,5,5.223697873,0,0,0,0,1.852088471,20.20408163,0
0,4.46737292,0,0,0,0,0.15942029,10307,1,86,0,0,95,0,0,0,38.64615385,59,32.65248227,0,3,4.664874184,0,0,0,0,3.287167589,28.61976316,0
0,4.463246866,0,0,0,0,0.073684211,469,0,0,0,0,4,0,0,0,35.15384615,37,9.6,0,5,5.062466619,0,0,0,0,1.775705832,21.61572052,0
0,4.463246866,0,0,0,0,0.073684211,481,0,0,0,0,4,0,0,0,36.07692308,37,9.6,0,5,5.104554218,0,0,0,0,1.775705832,21.06382979,0
0,4.458444173,0,0,0,0,0.090909091,241,0,1,0,0,2,0,0,0,29.25,83,34,0,0,5.168819016,0,0,0,0,2.761773018,5.106382979,0
0,4.457668469,0,0,0,0,0.090909091,240,0,1,0,0,2,0,0,0,29.125,82,33.66666667,0,0,5.160068683,0,0,0,0,2.76151445,5.128205128,0
0,4.450919822,0,0,0,0,0.303030303,599,0,6,0,0,6,0,0,0,53.54545455,60,51.42857143,0,0,4.888893105,0,0,0,0,3.783383552,7.627118644,0
0,4.449230745,0,0,0,0,0.073684211,477,0,1,0,0,4,0,0,0,35.76923077,42,10.4,0,5,5.068975605,0,0,0,0,1.810579418,21.24463519,0
0,4.446963096,0,0,0,0,0.081300813,604,0,1,0,0,3,0,0,0,120,82,21.90909091,0,2,5.195996117,0,0,0,0,2.88357775,0.665557404,0
1,4.4410307,0,0,0,0,0.162995595,1501,0,1,0,0,6,0,0,14,24.03333333,65,15.88888889,0,2,4.870141431,0,0,0,0,2.689092906,20.997921,0
0,4.4410307,0,0,0,0,0.103448276,468,0,1,0,0,4,0,0,0,116.25,65,17.8,0,0,5.403501838,0,0,0,0,2.823184876,3.433476395,0
0,4.43927838,0,0,0,0,0.117647059,791,0,2,0,0,1,0,0,0,29.46153846,59,17.55555556,0,2,5.085395439,0,0,0,0,2.241359222,14.863103,0
0,4.437032901,0,0,0,0,0.142857143,279,0,1,0,0,3,0,0,0,34,63,20.75,0,0,3.116570095,0,0,0,0,2.626316775,57.87545788,0
0,4.436080318,0,1,1,0,0.147540984,1379,5,2,0,0,6,0,0,0,31.09302326,45,16.76470588,0,1,5.102386533,0,0,4,0,2.942766917,13.37817638,0
0,4.43155843,0,0,0,0,0.104477612,1768,3,4,0,0,4,0,0,1,35.85416667,53,25.52631579,0,0,5.051894765,0,0,0,0,3.425832207,18.23461092,0
21,4.430632409,3,0,0,0,0.076943347,15114,47,8,0,0,70,0,0,4,56.25378788,230,9.221105528,0,72,5.329411958,11,0,3,0,2.057806668,1.218691085,0
0,4.42378054,0,0,0,0,0.066037736,733,0,1,0,0,4,0,0,0,32.36363636,53,23.45454545,0,1,5.001265657,0,0,0,0,3.179267107,13.88499299,0
0,4.42146788,0,0,0,0,0.018518519,623,0,2,0,0,12,0,0,0,61.4,50,17.14285714,0,4,5.441378098,0,0,0,0,2.826175528,5.365853659,0
0,4.42128143,0,0,0,4,0.047619048,4125,0,1,0,0,1,0,0,0,4125,4035,1352.333333,0,0,4.447759118,0,0,0,0,2.664635031,35.60349006,1
0,4.41777253,0,0,0,0,0.1,267,0,1,0,0,4,0,0,0,32.5,72,16,0,3,4.852631573,0,0,0,0,1.25087284,20.30651341,0
7,4.415061012,0,0,0,0,0.059044049,7055,0,0,0,0,2,0,1,0,24.0212766,30,8.117647059,3,17,5.246607187,0,0,3,0,1.738307827,2.937269373,0
0,4.411204419,0,0,0,0,0.027777778,606,0,1,0,0,12,0,0,0,59.7,45,15.92857143,0,4,5.427883808,0,0,0,0,2.79606509,5.518394649,0
0,4.411080496,0,0,0,0,0.083333333,153,0,1,0,0,0,0,0,0,153,60,30,1,0,5.133413432,0,0,0,0,2.205540248,0,0
0,4.410451883,0,0,0,0,0.064516129,328,3,1,0,0,4,0,0,0,81.25,47,14.85714286,0,0,5.103849601,0,0,0,0,2.854703049,7.668711656,0
0,4.410451883,0,0,0,0,0.080645161,331,3,1,0,0,4,0,0,0,82,47,15.28571429,0,0,5.075378295,0,0,0,0,2.886245228,7.598784195,0
0,4.410451883,0,0,0,0,0.064516129,306,3,1,0,0,4,0,0,0,306,47,15.42857143,0,0,5.068419408,0,0,0,0,2.825173882,0.651465798,0
0,4.410451883,0,0,0,0,0.080645161,337,3,1,0,0,4,0,0,0,337,47,16.28571429,0,0,5.044378648,0,0,0,0,2.956320212,7.98816568,0
0,4.407990036,0,0,0,0,0.033333333,221,0,1,0,0,0,0,0,0,21.2,71,35.5,0,0,5.077682353,0,0,0,0,2.203995018,5.164319249,0
0,4.406227964,0,0,0,0,0.105263158,1604,3,3,0,0,4,0,0,0,144.9090909,96,14.04545455,1,7,5.373153954,0,0,0,0,1.916918883,1.003134796,0
3,4.406227964,1,0,0,0,0.051413882,4424,0,1,0,0,3,0,0,0,259.2941176,96,12.65384615,1,13,5.57178056,1,1,0,0,2.300995408,0.771149921,0
7,4.406227964,2,0,0,0,0.062575211,5233,0,1,0,0,15,0,0,1,274.4736842,96,6.967032967,1,47,5.418126922,0,1,0,0,1.508331195,0.958588957,0
0,4.405187699,0,0,0,0,0,70,0,1,0,0,0,0,0,0,22.66666667,48,24,0,0,4.810158782,0,0,0,0,2.20259385,5.797101449,0
0,4.402111805,0,0,0,0,0.090909091,244,0,1,0,0,2,0,0,0,29.625,84,34.33333333,0,0,5.147139001,0,0,0,0,2.742995562,5.042016807,0
0,4.399562438,0,0,0,0,0.125,351,0,1,0,0,2,0,0,0,57.66666667,210,81,0,0,5.045419879,0,0,0,0,2.83733009,8.069164265,0
0,4.386425874,0,0,0,0,0.108695652,388,0,0,0,0,0,0,0,0,28.92307692,35,19.625,0,0,4.721782406,0,0,0,0,3.31857242,20.95490716,0
1,4.38418372,0,2,2,0,0.092158448,7207,6,4,2,0,11,1,0,0,31.61538462,82,15.10280374,0,8,5.065004671,0,0,0,0,2.894750734,14.76817401,1
20,4.377095119,0,0,0,0,0.085461285,68208,1,2,0,0,75,0,0,30,47.23833098,313,12.00701754,1,79,3.472772459,0,0,4,0,2.167721012,54.37900473,0
8,4.373796297,0,0,0,0,0.071871128,15917,14,0,1,0,13,0,0,1,205.7272727,34,8.086956522,3,41,5.39456526,6,0,4,0,2.123069184,1.0857215,0
0,4.354852074,0,0,0,0,0.052147239,1646,0,0,0,0,3,0,0,0,26.45,33,12.3,2,1,5.227160614,0,0,0,0,2.887943286,4.282115869,0
0,4.353055907,4,0,0,0,0.053619303,2303,0,0,0,0,2,0,0,0,25.48275862,40,10.3,1,7,5.054269032,0,2,4,0,2.254598429,15.374211,0
0,4.34389538,0,0,0,0,0.027777778,610,0,2,0,0,12,0,0,0,60.1,46,16.28571429,0,4,5.41134207,0,0,0,0,2.796837066,5.315614618,0
0,4.34389538,0,0,0,0,0.027777778,619,0,2,0,0,12,0,0,0,61,46,16.28571429,0,4,5.442234087,0,0,0,0,2.796837066,5.237315876,0
0,4.342282411,0,0,0,0,0.238095238,179,0,1,0,0,4,0,0,0,24.71428571,54,18,0,0,4.982849124,0,0,0,0,2.886187818,5.747126437,0
0,4.33743546,0,0,0,0,0.076923077,118,0,0,0,0,0,0,0,0,118,37,21.66666667,0,0,4.947297954,0,0,0,0,2.452834741,4.201680672,0
0,4.3349625007,0,0,0,0,0.0458970793,2753,0,1,0,0,7,0,0,0,1376,721,27.1470588235,0,10,5.5000725614,3,0,0,0,1.9040529154,0.8717762441,1
17,4.333344511,0,0,0,0,0.058675732,23232,10,4,3,0,9,10,0,0,75.67656766,73,10.63243243,3,54,5.3855413,7,0,6,0,2.2257918,8.678208539,0
0,4.332095399,0,0,0,0,0.32,183,0,2,0,0,2,0,0,0,45,42,20.66666667,0,0,4.901507758,0,0,0,0,3.101850604,3.314917127,0
1,4.326750178,0,0,0,0,0.026315789,230,0,1,0,0,0,0,0,0,76,54,22.75,1,0,5.141614263,0,0,0,0,2.606976893,6.113537118,0
0,4.326083686,0,0,0,0,0.037837838,719,0,2,2,0,5,0,0,0,719,154,49.16666667,0,3,5.116738494,0,0,0,0,1.346295651,0.416666667,1
0,4.32168607,1,0,0,0,0.111111111,9634,0,1,0,0,0,0,0,0,9634,9608,4804,0,0,4.335123343,0,1,0,0,2.160843035,0,1
0,4.321565479,0,0,0,0,0.042857143,300,3,1,0,0,1,0,0,0,300,51,16.8,1,0,5.064447369,0,0,0,0,2.678806988,0.664451827,0
0,4.316826898,0,0,0,0,0.055555556,256,2,0,0,0,2,0,0,0,256,39,11.8,1,0,5.219976719,0,0,0,0,2.168345174,1.556420233,0
0,4.31474987,2,0,0,0,0.016393443,285,0,1,0,0,0,0,0,0,30.77777778,41,7.888888889,0,4,4.990797212,0,0,0,0,1.422421807,1.079136691,0
0,4.313640874,0,0,0,0,0.050847458,305,4,1,0,0,1,0,0,0,33,45,17.25,0,0,5.039562092,0,0,0,0,2.640910218,6.375838926,0
0,4.313640874,0,0,0,0,0.050847458,313,4,1,0,0,1,0,0,0,33.88888889,45,17.25,0,0,5.082362237,0,0,0,0,2.640910218,6.209150327,0
0,4.313640874,0,0,0,0,0.051724138,306,4,1,0,0,1,0,0,0,42.85714286,45,17.25,0,0,4.827668868,0,0,0,0,2.640910218,17.60797342,0
0,4.31200269,1,0,0,0,0.12,490,0,1,0,0,1,0,0,0,80.83333333,280,94,0,1,5.256646241,0,1,0,0,1.43733423,5.144032922,1
0,4.310298682,0,0,0,0,0.324324324,292,0,1,0,0,1,0,0,0,40.85714286,49,19.75,0,0,4.838740751,0,0,0,0,2.647360801,14.28571429,0
13,4.308751351,0,0,0,0,0.046104195,8129,0,3,0,0,5,0,0,0,337.75,42,8.664739884,1,76,5.466981475,0,0,0,0,1.678276979,0.530405822,0
0,4.30869497,0,0,0,0,0.034482759,326,3,0,0,0,0,0,0,0,22.35714286,40,13.5,1,0,5.256633161,0,0,0,0,2.327581034,4.140127389,0
0,4.306890596,0,0,0,0,0.013513514,441,0,0,0,0,0,0,0,0,35.83333333,30,10.94444444,0,1,4.689461975,0,0,0,0,2.712194449,8.352668213,0
0,4.304229297,0,0,0,0,0.076086957,412,0,0,0,0,0,0,0,0,16.20833333,32,6.72,0,6,5.035231613,0,0,0,0,1.688672918,3.58974359,0
0,4.300153017,0,0,0,0,0.04109589,335,3,0,0,0,3,0,0,0,111,35,12.1,0,0,4.853136509,0,0,0,0,2.7519737,0.598802395,0
0,4.290777839,0,0,0,0,0.09375,333,0,2,0,0,4,0,0,0,26.83333333,63,31.83333333,0,0,5.086783196,0,0,0,0,3.299728603,8.359133127,0
0,4.286629487,0,0,0,0,0.130434783,258,0,0,0,0,0,0,0,0,27.77777778,38,24.4,0,0,5.021408855,0,0,0,0,3.071977692,16.73306773,0
0,4.286148359,0,0,0,0,0.163934426,574,0,2,0,0,6,0,0,0,51.27272727,99,30.85714286,0,0,4.627240325,0,0,0,0,3.124989958,8.14159292,0
0,4.284760637,0,0,0,0,0.073684211,496,0,1,0,0,4,0,0,0,37.23076923,51,11.1,0,5,5.129640579,0,0,0,0,1.764495634,20.41237113,0
0,4.282979651,0,0,0,0,0.073684211,488,0,1,0,0,4,0,0,0,36.61538462,43,10.3,0,5,5.095694515,0,0,0,0,1.715746106,20.75471698,0
0,4.27110079,0,0,0,0,0.02,528,7,0,0,0,0,0,0,0,32.0625,38,17.6,0,0,4.410216337,0,0,0,0,2.660930114,30.54474708,0
6,4.265319531,0,0,0,0,0.046030405,10066,0,1,0,0,15,0,0,0,358.5357143,51,12.16326531,4,16,5.373911384,1,0,6,0,2.415533526,0.597609562,0
0,4.265262978,0,0,0,0,0.050847458,440,0,1,0,0,6,0,0,0,22.21052632,52,13.9,0,3,4.724082457,0,0,0,0,2.119008875,28.36879433,0
0,4.264578374,0,0,0,0,0,52,0,0,0,0,0,0,0,0,52,35,17.5,0,0,4.695350055,0,0,0,0,2.132289187,1.886792453,0
0,4.260332601,0,0,0,0,0.05,317,0,0,0,0,1,0,0,1,105,31,10.85714286,0,4,5.49840714,0,0,0,0,2.099140416,4.113924051,0
0,4.260279974,0,0,0,0,0.051724138,357,5,0,0,0,0,0,0,0,357,37,12.4,0,0,5.218662453,0,0,0,0,2.411120997,0.279329609,0
0,4.259613266,0,0,0,0,0.045454545,371,0,2,0,0,6,0,0,0,45.5,63,14.46666667,0,1,5.417849336,0,0,0,0,2.557959985,6.02739726,0
1,4.248544639,0,0,0,0,0.011933174,1733,0,5,0,0,1,1,0,0,41.29268293,47,15.43478261,0,10,5.308349033,0,0,0,0,2.569725225,6.434474616,0
1,4.24432053,0,0,0,0,0.058641975,1975,3,1,0,0,2,0,0,0,34.28571429,45,7.695652174,1,7,5.154398031,0,0,0,0,1.808295684,10.09890682,0
0,4.239234295,0,0,0,0,0.064814815,1987,0,11,0,0,29,0,0,0,51.31578947,124,22.98507463,0,4,4.960555939,0,0,0,0,3.104124324,22.50128139,0
0,4.237233515,0,0,0,0,0.031446541,748,0,2,0,0,27,0,0,0,23.96666667,41,11.64285714,0,8,4.848656462,0,0,0,0,2.01141211,0,0
0,4.236468023,0,0,0,0,0.073684211,476,0,1,0,0,4,0,0,0,35.69230769,43,10.3,0,5,5.042132914,0,0,0,0,1.731094944,21.29032258,0
0,4.236019378,0,0,0,0,0.023255814,316,0,1,0,0,2,0,0,0,25.41666667,55,21.33333333,0,0,5.205040001,0,0,0,0,2.320499978,8.823529412,0
0,4.235926351,0,0,0,0,0.3125,171,0,0,0,0,3,0,0,0,23.57142857,28,20.25,0,0,4.723054999,0,0,0,0,3.037806919,12.65060241,0
0,4.229519987,0,0,0,0,0.111111111,482,0,1,0,0,0,0,0,0,31.2,49,19.71428571,0,0,4.624340541,1,0,0,0,3.111472373,24.09381663,0
0,4.226374245,0,0,0,0,0.052434457,731,0,1,0,0,0,0,0,0,243,51,10.9,0,0,5.045027586,0,0,0,0,2.148015774,2.876712329,0
1,4.226374245,0,0,0,0,0.050955414,3781,0,2,0,0,0,0,0,0,342.8181818,51,12.26190476,0,1,5.296436275,0,0,0,0,2.648069417,1.564156946,0
46,4.225685923,0,1,1,0,0.050292124,64232,43,9,0,0,98,3,0,3,342.4919786,140,11.5295082,6,78,5.485303206,0,0,8,0,2.593176061,1.456742705,0
0,4.224177681,0,0,0,0,0.043103448,1262,8,1,0,0,3,0,0,0,51.625,47,13.31818182,0,2,4.703398262,1,0,0,0,2.785796507,26.53225806,0
0,4.220167681,0,0,0,0,0.087719298,790,0,0,0,0,15,0,0,0,78.1,31,13.42857143,0,0,4.659348928,0,0,0,0,3.018428438,23.27365729,0
0,4.219528282,0,0,0,0,0.027777778,574,0,0,0,0,12,0,0,0,56.5,34,13.78571429,0,4,5.33382652,0,0,0,0,2.617942427,6.007067138,0
0,4.219528282,0,0,0,0,0.027777778,583,0,0,0,0,12,0,0,0,57.4,34,13.78571429,0,4,5.366478182,0,0,0,0,2.617942427,5.913043478,0
0,4.211260736,0,0,0,0,0,138,1,0,0,0,1,0,0,0,33.75,29,11.66666667,0,0,4.712782763,0,0,0,0,2.043185524,5.882352941,0
0,4.210764574,0,0,0,0,0.166666667,173,0,0,0,0,1,0,0,0,20.75,33,14.66666667,0,0,4.692787276,0,0,0,0,2.314307822,19.76047904,0
0,4.210764574,0,0,0,0,0.026923077,5405,0,0,0,0,20,0,0,0,25.5,33,7.916666667,1,4,5.066992401,0,0,0,0,2.390830325,10.4939458,0
0,4.210764574,0,0,0,0,0.091954023,375,0,0,0,0,4,0,0,0,93,33,8.5,0,3,5.416303016,0,0,0,0,1.710403625,1.876675603,0
0,4.209867122,0,0,0,0,0.111111111,361,0,0,0,0,0,0,0,0,361,26,7.857142857,0,2,5.073571675,0,0,0,0,1.724014204,0.552486188,0
0,4.2089873,0,0,0,0,0.046511628,317,3,1,0,0,0,0,0,0,27.90909091,44,13.625,0,1,5.050480444,5,0,0,0,2.578133081,13.31168831,0
0,4.20869497,0,0,0,0,0.042512077,4222,12,0,0,0,9,0,0,0,350.9166667,40,8.4,1,6,5.182569621,0,0,6,0,2.234447249,1.828110161,0
1,4.208410187,0,0,0,0,0.039689387,7394,0,0,0,0,23,0,0,0,30.875,27,9.209090909,7,14,5.141783471,2,0,0,0,2.554957218,22.82244556,0
0,4.208196592,0,0,0,0,0.06010929,1085,0,1,0,0,12,0,0,0,361,98,16.53846154,1,6,5.389515261,0,0,0,0,2.459234563,5.166051661,0
0,4.197852833,0,0,0,0,0.071428571,118,0,1,0,0,3,0,0,0,16,53,17.5,0,0,4.721763945,0,0,0,0,2.301185857,8.849557522,0
0,4.184543731,0,0,0,0,0,91,0,1,0,0,1,0,0,0,91,45,22.5,0,0,4.976669202,0,0,0,0,2.092271866,5.434782609,0
0,4.176479454,0,0,0,0,0.444444444,191,0,2,0,0,2,0,0,0,47,61,37.66666667,0,0,4.553279728,0,0,0,0,2.784074259,11.64021164,0
0,4.172574231,0,0,0,0,0.068493151,325,0,0,0,0,0,0,0,0,325,37,10.08333333,0,3,5.079503482,0,0,0,0,2.168308261,2.147239264,0
0,4.169987686,0,0,0,0,0.111111111,255,3,1,0,0,2,0,0,0,27.44444444,45,13.6,1,0,5.053140397,0,0,0,0,2.381182807,5.241935484,0
0,4.168325823,0,0,0,0,0.172413793,433,0,0,0,0,0,0,0,0,143.6666667,29,18.14285714,0,0,4.793359684,0,0,0,0,3.39006122,0,0
0,4.165837632,0,1,1,0,0.086538462,468,0,0,0,0,3,0,0,0,57.625,38,10.18181818,0,5,5.335760727,0,0,0,0,2.037572879,12.98701299,0
0,4.153701696,0,0,0,0,0.068062827,1851,0,0,0,0,2,0,0,1,153.3333333,40,9.866666667,0,9,5.244808329,0,0,0,0,2.309923149,1.140684411,0
0,4.139241459,0,0,0,0,0.024096386,478,0,3,0,0,0,0,0,0,67.42857143,42,25,0,0,5.416737687,0,0,0,0,3.080407613,1.479915433,0
0,4.138830127,0,0,0,0,0.067567568,290,4,0,0,0,0,0,0,0,144.5,36,11.66666667,0,0,5.04732254,0,0,0,0,2.345006524,3.448275862,0
0,4.138830127,0,0,0,0,0.067567568,278,4,0,0,0,0,0,0,0,278,36,11.66666667,0,0,4.982301842,0,0,0,0,2.345006524,1.075268817,0
0,4.137326145,2,0,0,0,0.120481928,360,0,0,0,0,1,0,0,0,179.5,40,11.14285714,0,2,5.307557801,0,2,0,0,1.748994776,3.888888889,0
0,4.135546013,0,0,0,0,0.071428571,124,0,1,0,0,0,0,0,0,24,60,23,0,0,4.728418635,0,0,0,0,2.361082931,7.438016529,0
0,4.132944045,0,0,0,0,0.051813472,2668,0,0,0,0,9,0,0,0,30.4,29,11.9,0,1,4.776655751,0,0,0,0,2.834303991,26.46034816,0
0,4.132481467,0,0,0,0,0.090909091,88,0,1,0,0,2,0,0,0,13.83333333,49,19,0,0,4.731166819,0,0,0,0,2.294160489,1.19047619,0
0,4.128677838,0,0,0,0,0.133333333,474,0,1,0,0,9,0,0,0,26.94117647,64,10,0,4,4.186971116,1,0,0,0,1.439536398,34.20479303,0
0,4.11786103,0,0,0,0,0.166666667,176,0,0,0,0,1,0,0,0,21.125,36,15.66666667,0,0,4.657610208,0,0,0,0,2.283339974,19.41176471,0
6,4.115486633,1,1,1,0,0.078813559,3781,2,2,0,0,2,4,0,0,377.2,49,10.92424242,0,17,5.592541382,0,1,0,0,2.178234167,2.491386165,0
0,4.114718017,1,0,0,0,0.074468085,2159,4,2,0,0,0,0,0,0,40.53846154,140,17.58536585,0,5,5.256033736,1,1,0,0,2.556869732,12.70744429,0
0,4.113608501,0,0,0,0,0.046428571,6690,2,0,0,0,17,0,0,0,52.1031746,32,12.36842105,0,4,3.586687762,0,0,6,0,2.570613623,54.82790131,0
0,4.106603137,0,0,0,0,0.368421053,207,0,0,0,0,1,0,0,0,25,21,10.5,0,0,5.080864636,0,0,0,0,2.053301569,7.960199005,0
0,4.106603137,0,0,0,0,0.113095238,861,0,0,0,0,0,0,0,0,27.73333333,23,13.54545455,0,0,5.048326323,0,0,4,0,2.895759925,8.643457383,0
0,4.102351822,0,0,0,0,0.052631579,451,3,0,0,0,1,0,0,0,44.2,39,10.7,0,1,4.732108877,0,0,0,0,2.347862856,25.73363431,0
0,4.102351822,0,0,0,0,0.052631579,460,3,0,0,0,1,0,0,0,45.1,39,10.7,0,1,4.778516495,0,0,0,0,2.347862856,25.22123894,0
0,4.102351822,0,0,0,0,0.052631579,330,3,0,0,0,1,0,0,0,330,39,10.7,0,1,5.183566157,0,0,0,0,2.291572127,0.604229607,0
0,4.098117812,0,0,0,0,0.169642857,823,2,0,0,0,5,0,1,0,33.33333333,37,15.33333333,0,0,4.587375288,0,0,0,0,2.544345923,24.46941323,0
0,4.096891932,0,0,0,0,0.076923077,129,0,0,0,0,1,0,0,0,17.57142857,36,17.66666667,0,0,4.525004882,0,0,0,0,2.532039827,20.16129032,0
3,4.090018266,0,0,0,0,0.081545064,1630,1,0,0,0,3,0,0,0,34.45652174,32,10.25925926,0,3,4.555316897,1,0,0,0,2.479737793,30.13871375,0
0,4.082677718,0,0,0,0,0.037037037,439,3,1,0,0,0,0,0,0,72.33333333,46,11.33333333,0,1,5.133526279,0,0,0,0,2.279236175,0.689655172,0
0,4.081532377,0,0,0,0,0.2,53,0,0,0,0,1,0,0,0,53,33,16.5,0,0,4.472650171,0,0,0,0,2.040766188,7.407407407,0
1,4.070952131,1,0,0,0,0.021428571,606,0,1,0,0,2,0,0,0,32.72222222,50,7.9375,0,9,4.937328465,0,0,0,0,1.251009918,19.15254237,0
0,4.060262039,0,0,0,0,0.089965398,1992,0,0,0,0,4,2,0,0,283.7142857,27,10.6969697,0,4,5.106690343,0,0,0,0,2.510919963,1.358832411,0
0,4.05881389,0,0,0,0,0.096774194,244,0,0,0,0,2,0,0,0,244,18,9.714285714,0,0,5.395714626,0,0,0,0,2.528386638,2.040816327,0
0,4.057937065,0,0,0,0,0.017857143,398,3,1,0,0,0,0,0,0,38.9,41,12.8,0,0,5.21214138,0,0,0,0,2.625052792,4.102564103,0
0,4.057937065,0,0,0,0,0.022058824,640,3,1,0,0,4,0,0,0,44.78571429,41,11.6,0,2,5.150540151,0,0,0,0,2.639888976,10.35031847,0
0,4.057937065,0,0,0,0,0.036,1566,6,1,0,0,0,0,0,0,47.96875,41,12.59459459,0,0,4.651998294,0,0,0,0,2.959554197,29.81770833,0
0,4.057937065,0,0,0,0,0.017094017,379,3,1,0,0,0,0,0,0,379,41,11,0,0,5.176875773,0,0,0,0,2.469164326,0.263157895,0
0,4.056564762,0,0,0,0,0.118226601,2200,0,0,0,0,22,0,0,0,74.89655172,30,14.91304348,0,0,4.875968227,0,0,0,0,2.633921108,7.547169811,0
0,4.051821771,0,0,0,0,0.115384615,266,0,0,0,0,6,0,0,0,23.27272727,33,11,0,1,4.41955324,0,0,0,0,2.449437454,21.01167315,0
0,4.047299098,0,0,0,0,0.153846154,81,0,0,0,0,0,0,0,0,15.4,29,14.5,0,0,4.891699078,0,0,0,0,2.023649549,1.282051282,0
0,4.037401198,0,0,0,0,0.142857143,579,0,0,0,0,7,0,0,0,21.30769231,19,8.125,0,2,4.885335478,0,0,0,0,2.190128449,5.225225225,0
0,4.032303243,0,0,0,0,0.0625,172,0,0,0,0,0,0,0,0,33.6,27,13.66666667,0,0,5.050687862,0,0,0,0,2.470362245,7.100591716,0
0,4.030394788,0,0,0,0,0.024390244,242,0,0,0,0,4,0,0,0,242,29,10.76470588,0,1,4.703271288,0,0,0,0,2.595604656,0,0
0,4.024628979,0,0,0,0,0.135802469,565,0,2,0,0,1,0,0,0,27.3,60,26.4,0,0,5.334460805,0,0,0,0,2.860246264,5.484460695,0
0,4.024628979,0,0,0,0,0.135802469,584,0,2,0,0,1,0,0,0,28.25,60,26.4,0,0,5.367854087,0,0,0,0,2.860246264,5.300353357,0
1,4.02346519,0,0,0,0,0.128205128,375,0,0,0,0,1,0,0,0,36.6,25,14.33333333,0,0,4.548875042,0,0,0,0,2.545944879,26.70299728,0
0,4.022593366,1,0,0,0,0.040106952,1820,0,1,0,0,1,0,0,0,22.96052632,48,8.357142857,0,6,4.888952987,0,0,0,0,1.927691942,10.93928981,0
0,4.021928095,0,0,0,0,0.044776119,491,0,0,0,0,16,0,0,0,18.68,26,10.5,0,7,4.92320399,1,0,0,0,2.30507966,1.923076923,0
0,4.013961128,0,0,0,0,0.048780488,254,0,1,0,0,0,0,0,0,24.5,43,21.5,2,0,5.124501854,0,0,0,0,2.006980564,1.219512195,0
0,4.008993262,0,0,0,0,0.056338028,2484,0,3,0,0,0,0,0,0,35.01449275,59,12.35897436,1,7,5.392449216,0,0,0,0,2.525011008,8.688456765,0
0,4.008633243,0,0,0,0,0.05952381,428,4,1,0,0,0,0,0,0,38,55,14.28571429,0,0,4.620386923,0,0,0,0,2.439674898,22.91169451,0
0,4.004364185,0,0,0,0,0.041195477,5069,0,0,0,0,9,0,1,0,280.6666667,29,14.28947368,2,1,5.08189278,0,0,0,0,2.979334895,0.43538492,0
0,4.004344446,0,0,0,0,0.333333333,96,0,0,0,0,2,0,0,0,18.4,27,15.33333333,0,1,4.920747726,0,0,0,0,2.062699759,4.301075269,0
0,4.00291008,0,0,0,0,0.019498607,1476,0,0,0,0,0,0,0,0,15.59550562,30,9.823529412,0,2,4.775664078,0,0,0,0,2.412315359,3.887688985,1
0,4.001629167,0,0,0,0,0.159292035,1438,0,0,0,0,2,0,0,0,27.78,25,10,0,1,3.425617185,0,0,3,0,2.00530496,51.72661871,0
11,4.000978093,2,0,0,0,0.105134474,7325,4,0,0,0,10,0,0,0,24.4375,38,7.876923077,0,25,4.807648785,0,0,4,0,1.934821265,24.63418099,0
0,3.998652547,0,0,0,0,0.081705151,2970,0,0,0,0,3,0,0,0,20.52898551,34,14.8125,0,14,4.935546812,0,0,0,0,2.126124751,7.233592096,1
0,3.998652547,0,0,0,0,0.081705151,2985,0,0,0,0,3,0,0,0,20.63768116,34,14.8125,0,14,4.929885094,0,0,0,0,2.126124751,7.722007722,1
1,3.996564719,0,0,0,0,0.051034483,3199,0,4,0,0,8,0,0,16,289.9090909,53,10.77777778,0,22,5.19771263,0,0,0,0,1.90983852,1.128526646,0
0,3.994680368,0,0,0,0,0.066666667,890,0,0,0,0,1,0,0,3,296,28,12.625,0,1,5.146591781,0,0,0,0,2.596181601,6.636670416,0
0,3.994680368,0,0,0,0,0.066666667,897,0,0,0,0,1,0,0,3,298.3333333,28,13.0625,0,0,5.142333446,0,0,0,0,2.79002841,6.584821429,0
0,3.983195634,0,0,0,0,0.17,759,0,0,0,0,4,0,0,0,27.14814815,37,17,0,1,4.772232339,1,0,0,0,2.956031523,25.06811989,0
0,3.980788553,0,0,0,0,0,94,0,1,0,0,0,0,0,0,14.83333333,42,21,0,0,4.640691747,0,0,0,0,1.990394277,7.777777778,0
0,3.980788553,0,0,0,0,0,95,0,1,0,0,0,0,0,0,15,42,21,0,0,4.676104789,0,0,0,0,1.990394277,7.692307692,0
0,3.977916875,0,0,0,0,0.04137931,782,3,0,0,0,1,0,0,0,42.5,31,12.73684211,0,0,5.267870924,0,0,0,0,2.982399667,9.007832898,0
0,3.97366069,0,0,0,0,0.055555556,253,0,0,0,0,1,0,0,0,62.5,25,12.5,0,0,4.877389587,0,0,0,0,1.986830345,3.585657371,0
1,3.970573096,0,0,0,0,0.04845815,779,0,0,0,0,5,0,0,0,77,25,13.64285714,0,1,5.595004128,0,0,0,0,2.83620939,2.33463035,0
0,3.970175521,0,0,0,0,0,309,0,0,0,0,0,0,0,0,21.14285714,24,9.666666667,0,0,4.673976682,0,0,0,0,1.830701205,3.703703704,0
0,3.970175521,0,0,0,0,0.1,105,0,0,0,0,1,0,0,0,105,24,14,0,0,4.900725133,0,0,0,0,2.463185822,3.773584906,0
0,3.969815782,0,0,0,0,0.071301248,3119,20,0,0,0,40,0,0,0,23.18604651,21,9.38028169,0,0,4.858411326,0,0,0,0,2.608616864,9.25802139,1
0,3.969815782,0,0,0,0,0.166666667,217,0,0,0,0,2,0,0,0,26.25,22,10.2,0,2,5.189689175,0,0,0,0,2.146692511,6.63507109,0
0,3.969815782,0,0,0,0,0.053333333,537,3,0,0,0,2,0,0,0,37.42857143,26,12.55555556,0,0,4.401253803,0,0,0,0,2.878279462,30.28571429,0
0,3.961294558,0,0,0,0,0.0625,546,3,1,0,0,1,0,0,0,38.07142857,43,12.375,0,0,4.387120068,0,0,0,0,2.533711296,29.02621723,0
0,3.958229169,0,0,0,0,0.042168675,991,0,0,0,0,5,0,0,0,329.6666667,27,12.61538462,0,1,5.184170815,0,0,0,0,2.750670429,2.727272727,0
0,3.95561556,0,0,0,0,0.214285714,133,0,1,0,0,0,0,0,0,25.8,53,24.33333333,0,0,4.580695061,0,0,0,0,2.559181218,6.153846154,0
0,3.953565665,0,0,0,0,0.058823529,171,0,0,0,0,0,0,0,0,42,31,16.66666667,0,0,4.662398475,0,0,0,0,2.558392463,2.958579882,0
0,3.93213804,0,0,0,0,0.06557377,401,0,0,0,0,0,0,0,0,133,34,15.4,0,0,5.10747146,0,0,0,0,3.030815735,5.25,0
0,3.926272374,0,0,0,0,0.049382716,434,3,0,0,0,1,0,0,0,32.46153846,29,12.63636364,0,0,5.075936506,0,0,0,0,2.81188587,12.52955083,0
0,3.926272374,0,0,0,0,0.049382716,446,3,0,0,0,1,0,0,0,33.38461538,29,12.63636364,0,0,5.117993305,0,0,0,0,2.81188587,12.18390805,0
0,3.926272374,0,0,0,0,0.049382716,432,3,0,0,0,1,0,0,0,38.36363636,29,12.63636364,0,0,5.088784441,0,0,0,0,2.845278446,12.52955083,0
0,3.921928095,0,0,0,0,0.096267191,2458,0,2,0,0,26,0,0,0,350.2857143,94,13.61904762,3,25,5.407607562,0,0,0,0,2.692463354,0.52996331,0
0,3.916126947,0,0,0,0,0.053988719,5367,0,0,0,0,7,0,0,0,281.5263158,24,9.730337079,0,12,5.168086534,21,0,1,0,2.399985918,0.411214953,0
0,3.912818245,0,0,0,0,0.022222222,439,3,1,0,0,1,0,0,0,32.84615385,42,12,0,2,5.244981564,0,0,0,0,2.403455877,0.46728972,0
0,3.912818245,0,0,0,0,0.022222222,450,3,1,0,0,1,0,0,0,44.1,42,11.875,0,2,5.283206074,0,0,0,0,2.369960229,0.452488688,0
0,3.912113891,0,0,0,0,0.0625,106,0,0,0,0,0,0,0,0,34.66666667,27,10.25,0,0,4.307960241,0,0,0,0,2.083510496,29.52380952,0
3,3.909015168,0,0,0,0,0.061946903,843,1,1,0,0,3,0,0,0,30.25925926,48,8.25,0,8,4.336700869,0,0,0,0,1.594739711,37.77506112,0
0,3.903208062,0,2,2,0,0.002806624,48258,6,226,0,0,272,0,0,0,1048.108696,554,30.21970234,0,102,4.302763644,0,0,0,0,1.885640093,1.798232878,1
0,3.896291529,0,0,0,0,0.235294118,119,0,0,0,0,0,0,0,0,39,28,14.66666667,0,0,4.57844872,0,0,0,0,2.423763843,4.237288136,0
0,3.889049536,0,0,0,0,0.068181818,389,0,0,0,0,9,0,0,0,21.94117647,38,16.9,0,2,5.415961654,0,0,0,0,2.733012763,4.278074866,0
0,3.887198735,0,0,0,0,0.153846154,114,0,0,0,0,0,0,0,0,22,32,12.75,0,1,4.624160948,0,0,0,0,1.776681754,4.504504505,0
0,3.88418372,0,0,0,0,0,163,0,0,0,0,0,0,0,0,53.66666667,20,11.66666667,0,0,5.243864598,0,0,0,0,2.610475863,1.234567901,0
0,3.879664005,0,0,0,0,0,60,0,0,0,0,0,0,0,0,11.2,22,11,0,0,4.815491538,0,0,0,0,1.939832002,0,0
0,3.879664005,0,0,0,0,0.050541516,1599,0,0,0,0,16,0,0,0,11.8,25,11.80769231,0,0,5.394525065,0,0,0,0,2.875571341,8.197831978,0
0,3.879664005,0,0,0,0,0.050541516,1723,0,0,0,0,16,0,0,0,12.792,25,11.80769231,0,0,5.379518032,0,0,0,0,2.875571341,7.5625,0
0,3.87314068,0,0,0,0,0.052631579,289,0,0,0,0,1,0,0,0,289,30,16.5,0,0,4.976595985,0,0,0,0,3.001976173,6.551724138,0
0,3.869331261,0,0,0,0,0.041666667,327,0,0,0,0,1,0,0,0,35.44444444,28,13.75,0,0,3.636206029,0,0,1,0,2.524517538,48.125,0
0,3.868954822,0,0,0,0,0,111,0,1,0,0,0,0,0,0,17.66666667,50,25,0,0,4.525196968,0,0,0,0,1.934477411,6.542056075,0
0,3.868220251,0,0,0,0,0,144,0,1,0,0,2,0,0,0,15.11111111,48,16.25,0,1,4.907239995,0,0,0,0,1.79786292,2.919708029,0
0,3.865576855,0,0,0,0,0,87,0,0,0,0,0,0,0,0,13.66666667,38,19,0,0,4.652545583,0,0,0,0,1.932788428,8.43373494,0
0,3.86346519,0,0,0,0,0.01754386,1564,0,0,0,0,2,0,0,0,59.19230769,26,16.4,0,0,3.354010002,0,0,0,0,2.687179352,58.05194805,0
0,3.856196298,0,0,0,0,0.083333333,84,0,0,0,0,0,0,0,0,16,27,10.66666667,0,0,4.250382835,0,0,0,0,1.926041464,24.69135802,0
6,3.855388542,0,1,1,0,0.110962567,4759,9,0,0,0,2,0,0,0,26.2,24,7.573770492,1,14,5.018609332,4,0,1,0,2.076713056,18.49105975,0
1,3.855388542,1,0,0,0,0.133333333,1970,0,0,0,0,3,0,0,0,42.8,25,7.666666667,0,8,4.212278196,1,0,0,0,1.721036681,37.05241308,0
0,3.855388542,0,0,0,0,0.01754386,1549,0,0,0,0,2,0,0,0,56.40740741,25,15.8,0,0,3.298124725,0,0,0,0,2.629005803,58.66141732,0
0,3.852676197,0,0,0,0,0.095890411,815,0,0,0,0,1,3,0,0,44.33333333,38,10.82352941,0,2,4.915308104,0,0,0,0,2.527873606,19.14893617,0
0,3.844847936,0,0,0,0,0.067567568,367,3,1,0,0,1,0,0,0,367,42,17,1,0,5.136697144,0,0,0,0,2.770987357,7.608695652,0
0,3.836591668,0,0,0,0,0.071174377,1545,10,0,0,0,20,0,0,0,23.15625,20,9.027777778,0,0,4.850372532,0,0,0,0,2.552461402,9.238031018,1
0,3.831401845,0,0,0,0,0.024590164,576,3,0,0,0,1,0,0,0,32.94117647,35,12.7,0,0,4.942594646,0,0,0,0,2.497292657,20.32085562,0
0,3.825251737,0,0,0,0,0.035087719,561,0,0,0,0,1,0,0,0,36.46666667,26,6.454545455,1,5,4.570429341,0,0,0,0,1.483232406,26.64233577,0
0,3.825251737,0,0,0,0,0.035087719,575,0,0,0,0,1,0,0,0,37.4,26,6.454545455,1,5,4.624350557,0,0,0,0,1.483232406,25.97864769,0
0,3.821928095,0,0,0,0,0.043478261,239,0,0,0,0,0,0,0,0,29,20,10,1,0,4.505794196,0,0,0,0,1.910964047,28.32618026,0
0,3.821928095,0,0,0,0,0.075757576,336,0,0,0,0,8,0,0,0,336,20,8.916666667,0,0,4.650639022,0,0,0,0,2.535189907,2.37388724,0
0,3.820888851,0,0,0,0,0,114,0,0,0,0,0,0,0,0,37.33333333,21,11,0,0,4.992175507,0,0,0,0,2.364048015,1.769911504,0
0,3.820888851,0,0,0,0,0,115,0,0,0,0,0,0,0,0,37.66666667,21,11.25,0,0,5.003390453,0,0,0,0,2.372703463,1.754385965,0
0,3.820888851,0,0,0,0,0,154,0,0,0,0,0,0,0,0,50.66666667,21,11.25,0,0,5.046048682,0,0,0,0,2.41437013,2.614379085,0
0,3.814997303,0,0,0,0,0.076923077,326,3,0,0,0,0,0,0,0,326,35,13.55555556,0,0,5.100989615,0,0,0,0,2.82989077,0.305810398,0
8,3.813460684,0,0,0,0,0.062978723,5892,0,0,0,0,15,0,0,6,19.75,40,7.011235955,0,22,5.13736688,0,0,0,0,1.673312578,1.889483066,0
0,3.803508855,0,0,0,0,0.01754386,1562,0,0,0,0,2,0,0,0,56.88888889,25,15.8,0,0,3.331650942,0,0,0,0,2.638551666,58.16525699,0
0,3.79790269,0,0,0,0,0.166666667,85,0,0,0,0,0,0,0,0,16.2,28,11,0,0,4.181950761,0,0,0,0,1.906610262,24.3902439,0
0,3.795088586,0,0,0,0,0.033613445,383,0,0,0,0,0,0,0,0,127,23,5.461538462,0,6,5.217351382,0,0,0,0,1.27434129,0.523560209,0
0,3.794653474,0,0,0,0,0.095238095,118,0,0,0,0,0,0,0,0,58.5,20,12.66666667,0,0,4.72976932,0,0,0,0,2.447030939,3.389830508,0
2,3.788754914,0,0,0,0,0.113772455,894,0,0,0,0,0,0,0,3,297.3333333,36,16.5,0,2,5.145065009,0,0,0,0,2.717798443,6.382978723,0
2,3.788754914,0,0,0,0,0.113772455,895,0,0,0,0,0,0,0,3,297.6666667,36,16.58333333,0,2,5.148805434,0,0,0,0,2.721751969,6.375838926,0
0,3.787143961,0,0,0,0,0.145454545,273,0,0,0,0,0,0,0,0,15.11764706,23,9.25,0,1,4.835822995,0,0,0,0,2.105918876,11.62790698,1
0,3.785867302,0,0,0,0,0.058333333,620,0,0,0,0,0,0,0,0,28.57142857,35,7.75,0,0,4.72108446,0,0,0,0,1.934718135,3.826955075,0
0,3.784941827,0,0,0,0,0.05988024,891,0,0,0,0,0,0,0,0,25.23529412,21,8,1,1,5.117852899,0,0,0,0,2.144008478,4.190919674,0
0,3.784941827,0,0,0,0,0.0625,70,0,0,0,0,0,0,0,0,70,21,8.75,0,0,4.648955746,0,0,0,0,1.926717481,4.225352113,0
2,3.784941827,0,0,0,0,0.08,214,1,0,0,0,0,0,0,0,214,21,7.4,0,2,5.210623182,0,0,0,0,1.50971772,0.930232558,0
0,3.784941827,0,0,0,0,0.06547619,1407,0,0,0,0,13,0,0,0,233.6666667,21,8.03030303,0,14,5.272884019,0,0,0,0,1.961197385,1.211689237,0
1,3.780394654,0,0,0,0,0.1,229,1,0,0,0,1,0,0,0,229,28,9,0,0,5.14877326,0,0,0,0,2.187375141,0.869565217,0
0,3.754441846,1,0,0,0,0.053846154,1161,0,0,0,0,1,0,0,0,386.3333333,27,7.967741935,0,4,5.391762055,1,0,0,0,2.189892781,2.24137931,0
0,3.75,0,0,0,0,0.03960396,591,0,0,0,0,5,0,0,0,196.3333333,30,13.18181818,0,0,5.157798953,0,0,0,0,2.748708691,5.084745763,0
3,3.738218636,0,0,0,0,0.064308682,1424,0,0,0,0,6,0,0,0,28.08163265,34,8.076923077,0,12,5.339386949,0,0,0,0,1.829808612,14.37908497,0
0,3.736006946,0,0,0,0,0.0625,76,0,0,0,0,0,0,0,0,76,27,10.25,0,0,4.69991777,0,0,0,0,1.91448376,3.896103896,0
0,3.734521665,0,0,0,0,0.057142857,339,0,0,0,0,1,0,0,0,36.77777778,17,9,0,0,3.855011671,0,0,0,0,2.403805139,41.86746988,0
0,3.734521665,0,0,0,0,0.0625,66,0,0,0,0,0,0,0,0,66,17,7.75,0,0,4.67464218,0,0,0,0,1.91411244,4.47761194,0
0,3.725650756,0,0,0,0,0.067307692,633,0,0,0,0,0,2,0,0,157.5,21,13.66666667,0,0,5.160563654,0,0,0,0,2.44919295,1.426307448,0
0,3.725480557,0,0,0,0,0.045454545,162,0,0,0,0,1,0,0,0,13.81818182,18,8.166666667,0,0,4.152563428,1,0,0,0,2.305504394,37.90849673,0
0,3.725480557,0,0,0,0,0.083333333,1096,0,0,0,0,0,0,0,0,24.51162791,22,11.30769231,0,0,4.558478269,0,0,0,0,2.722964675,28.53080569,0
0,3.721928095,0,0,0,0,0.096774194,119,0,0,0,0,3,0,0,0,119,20,8,0,1,4.649419073,0,0,0,0,1.660964047,0.833333333,0
0,3.719294526,0,0,0,0,0.01754386,1568,0,0,0,0,2,0,0,0,57.11111111,27,17,0,0,3.352178482,0,0,0,0,2.593017673,57.93907971,0
0,3.717850465,0,0,0,0,0.102941176,697,5,0,0,0,2,0,0,0,24.85185185,27,9.1875,0,2,5.21542013,0,0,0,0,2.347366657,10.26785714,0
0,3.715834135,0,0,0,0,0.02,501,0,3,0,0,6,0,0,0,166.3333333,86,22.8125,0,3,5.300297942,0,0,0,0,2.467594663,1.2,0
0,3.708132065,0,0,0,0,0.085714286,247,0,0,1,0,5,0,0,0,247,23,12.23076923,0,0,4.702315112,0,0,0,0,2.86848681,4.032258065,0
0,3.703969642,0,0,0,0,0.086956522,612,0,2,0,0,2,0,0,0,54.72727273,220,143,0,0,3.653660606,0,0,0,0,1.978997878,39.63515755,0
0,3.70346519,0,0,0,0,0.052631579,235,0,0,0,0,0,0,0,0,77.66666667,25,14,0,0,5.105808608,0,0,0,0,2.724214178,3.846153846,0
0,3.698068512,0,0,0,0,0.088888889,323,0,0,0,0,0,0,0,0,107,30,15.25,0,0,4.891529259,0,0,0,0,2.750789547,3.416149068,0
0,3.690116518,0,0,0,0,0.086956522,203,0,0,0,0,6,0,0,0,17.54545455,20,7.142857143,0,3,4.79101716,0,0,0,0,1.390526464,5.154639175,0
0,3.681880803,0,0,0,0,0,142,0,0,0,0,0,0,0,0,46.66666667,19,8.333333333,0,1,5.101469244,0,0,0,0,1.961683606,2.127659574,0
0,3.681880803,0,0,0,0,0,311,0,0,0,0,0,0,0,0,103,19,11,0,0,5.075849251,0,0,0,0,2.743008282,2.903225806,0
0,3.674916,0,0,0,0,0.037735849,198,0,0,0,0,7,0,0,0,198,38,12.125,0,4,4.871958188,0,0,0,0,1.319580864,0,0
0,3.663532755,0,0,0,0,0.03030303,122,0,0,0,0,6,0,0,0,8.461538462,22,5.571428571,0,5,4.90235801,0,0,0,0,0.912716187,0.900900901,0
0,3.663532755,0,0,0,0,0,150,0,0,0,0,0,1,0,0,29.2,22,11,0,0,4.533016241,0,0,0,0,1.831766377,17.00680272,0
0,3.65726823,0,0,0,0,0.1875,142,0,0,0,0,0,0,0,0,10.91666667,24,12,0,0,4.861246679,0,0,0,0,1.828634115,7.575757576,0
0,3.657192533,0,0,0,0,0.051948052,370,3,0,0,0,4,0,0,0,36.1,34,8.727272727,0,4,5.008313725,1,0,0,0,1.883542785,9.116022099,0
0,3.657192533,0,0,0,0,0.055555556,494,3,0,0,0,2,0,0,0,44,34,9.181818182,0,2,4.2869958,1,0,0,0,2.176149126,32.98969072,0
0,3.646439345,0,0,0,0,0,102,0,0,0,0,0,0,0,0,102,20,10,0,0,4.727161651,0,0,0,0,1.823219672,8.737864078,0
0,3.640223929,0,1,1,0,0.038461538,147,0,0,0,0,0,0,0,0,48.33333333,20,11.6,0,0,5.123418625,0,0,0,0,2.511942172,3.424657534,0
0,3.640223929,0,0,0,0,0,159,0,0,0,0,0,0,0,0,52.33333333,15,11,0,0,5.243600413,0,0,0,0,2.605889227,1.265822785,0
0,3.640223929,0,0,0,0,0.071428571,67,0,0,0,0,0,0,0,0,67,15,9.25,0,0,4.591552063,0,0,0,0,2.384057419,0,0
0,3.640223929,0,0,0,0,0.083333333,263,0,0,0,0,6,0,0,0,263,15,7.05,0,0,4.608662138,1,0,0,0,2.352826657,3.03030303,0
0,3.636842188,0,0,0,0,0.055,1253,0,0,0,0,6,0,0,0,35.88235294,24,10.69230769,0,2,5.555796202,0,0,0,0,2.25386221,6.87960688,0
0,3.628085279,0,0,0,0,0.062015504,741,3,0,0,0,0,0,0,0,48.46666667,28,11.57142857,0,0,4.22967047,0,0,3,0,2.318146452,36.67582418,0
0,3.625,0,0,0,0,0.035714286,384,0,0,0,0,0,0,0,0,26.5,16,9.833333333,0,0,4.503035674,0,0,0,0,2.589346711,26.88172043,1
0,3.625,0,0,0,0,0.066037736,575,0,0,0,0,0,0,0,0,21.15384615,16,8.142857143,2,0,4.923356028,0,0,0,0,2.269872647,4.537205082,0
0,3.625,0,0,0,0,0.05,75,0,0,0,0,1,0,0,0,24.33333333,16,8,0,0,4.957375405,0,0,0,0,1.8125,0,0
0,3.625,0,0,0,0,0.086956522,97,0,0,0,0,2,0,0,0,31.66666667,16,10.33333333,0,0,4.973473477,0,0,0,0,2.332852421,0,0
0,3.625,0,0,0,0,0.086956522,99,0,0,0,0,2,0,0,0,32.33333333,16,10.33333333,0,0,5.015572596,0,0,0,0,2.332852421,0,0
0,3.625,0,0,0,0,0.038461538,105,0,0,0,0,2,0,0,0,34.33333333,16,8.666666667,0,0,4.811420344,0,0,0,0,2.023813115,0,0
0,3.625,0,0,0,0,0.076923077,108,0,0,0,0,2,0,0,0,35.33333333,16,9.666666667,0,0,4.889038478,0,0,0,0,2.390531188,0,0
0,3.625,0,0,0,0,0.076923077,110,0,0,0,0,2,0,0,0,36,16,9.666666667,0,0,4.894889762,0,0,0,0,2.390531188,0,0
0,3.625,0,0,0,0,0.076923077,111,0,0,0,0,2,0,0,0,36.33333333,16,10.66666667,0,0,4.823910038,0,0,0,0,2.359273177,0,0
0,3.625,0,0,0,0,0.076923077,112,0,0,0,0,2,0,0,0,36.66666667,16,10.33333333,0,0,4.920459834,0,0,0,0,2.332852421,0,0
0,3.625,0,0,0,0,0.076923077,113,0,0,0,0,2,0,0,0,37,16,10.66666667,0,0,4.860169808,0,0,0,0,2.359273177,0,0
0,3.625,0,0,0,0,0.045454545,91,0,0,0,0,0,0,0,0,91,16,11,0,0,5.075709201,0,0,0,0,2.592697963,1.086956522,0
0,3.625,0,0,0,0,0.174603175,367,2,0,0,0,0,0,0,0,367,16,10.75,0,0,4.884786703,0,0,0,0,2.522209649,11.68478261,0
0,3.621928095,0,0,0,0,0.071428571,1495,1,0,0,0,1,0,0,0,27.76923077,20,11.5,1,0,4.139545754,0,0,0,0,2.750197993,38.68512111,0
0,3.621928095,0,0,0,0,0,140,0,0,0,0,0,0,0,0,46,20,11.2,0,0,5.217328087,0,0,0,0,2.437688051,0.71942446,0
0,3.621928095,0,0,0,0,0.205128205,232,0,0,0,0,0,0,0,0,76.66666667,20,13.14285714,0,0,5.185001589,0,0,0,0,2.776704034,4.329004329,0
0,3.616874606,0,0,0,0,0.070448307,9212,0,0,0,0,11,0,0,0,43.08133971,19,9.462686567,0,7,4.162616097,0,0,0,0,2.460415567,42.26540811,0
0,3.614369446,1,0,0,0,0.074695122,3332,11,0,0,0,10,0,1,0,30.74285714,18,6.321428571,1,9,5.657538538,0,0,2,0,1.847413205,4.242799628,0
0,3.614369446,0,0,0,0,0,160,0,0,0,0,0,0,0,0,52.66666667,18,10.83333333,0,0,5.043478759,0,0,0,0,2.463722989,1.886792453,0
0,3.614369446,0,0,0,0,0,173,0,0,0,0,0,0,0,0,57,18,12.5,0,0,5.281986162,0,0,0,0,2.722090267,2.325581395,0
0,3.614369446,0,0,0,0,0,173,0,0,0,0,0,0,0,0,57,18,12.5,0,0,5.297910367,0,0,0,0,2.722090267,2.325581395,0
0,3.614369446,0,0,0,0,0,177,0,0,0,0,0,0,0,0,58.33333333,18,12.5,0,0,5.259146215,0,0,0,0,2.694312489,2.272727273,0
0,3.614369446,0,0,0,0,0.18,318,0,0,0,0,0,0,0,0,105.3333333,18,11,0,0,5.115371436,0,0,0,0,2.468548373,5.993690852,0
0,3.614369446,0,0,0,0,0.008474576,614,0,0,0,0,10,0,0,0,204,28,8.236842105,0,14,5.257564741,0,0,0,0,1.933776468,3.425774878,0
0,3.614369446,0,0,0,0,0.093023256,783,0,0,0,0,20,0,0,0,260.3333333,19,11.72,0,0,5.073023924,0,0,0,0,2.95509859,4.475703325,0
0,3.588354347,0,0,0,0,0.063157895,456,0,0,0,0,4,0,0,0,34.15384615,23,8.2,0,5,5.043791929,0,0,0,0,1.757204689,22.24719101,0
0,3.588354347,0,0,0,0,0.063157895,457,0,0,0,0,4,0,0,0,34.23076923,23,8.3,0,5,5.030912188,0,0,0,0,1.715579098,22.19730942,0
0,3.588354347,0,0,0,0,0.130434783,120,0,0,0,0,0,0,0,0,39.33333333,23,8.666666667,0,1,4.439364348,0,0,0,0,1.502216727,12.60504202,0
0,3.588354347,0,0,0,0,0.070247934,1978,0,0,0,0,10,0,0,0,42.97777778,23,8.170212766,0,5,5.385227332,0,0,0,0,2.289539968,11.00775194,0
0,3.588354347,0,0,0,0,0.08,323,0,0,0,0,2,0,0,0,45.28571429,23,7.8,0,1,5.226426479,0,0,0,0,2.229362411,14.77987421,0
0,3.586887841,0,0,0,0,0.153846154,90,0,0,0,0,2,0,0,0,90,34,17.33333333,0,0,4.840704664,0,0,0,0,2.386439697,0,0
0,3.577819531,0,0,0,0,0.108108108,630,0,0,0,0,12,0,0,0,30.55,16,9.72,0,0,4.553267777,0,0,0,0,2.630070595,5.718954248,0
0,3.576617645,0,0,0,0,0.051724138,893,2,0,0,0,2,0,0,0,39.63636364,19,8.545454545,0,0,3.834107613,0,0,4,0,2.339755267,45.81901489,0
0,3.572469459,0,0,0,0,0.153846154,376,0,0,0,0,0,0,0,0,33.27272727,17,11.57142857,0,0,4.832103177,0,0,1,0,2.667279817,19.07356948,0
0,3.555533151,0,0,0,0,0.083333333,67,0,0,0,0,0,0,0,0,12.6,23,9.333333333,0,0,4.391748751,0,0,0,0,1.825820415,10.9375,0
0,3.553090084,0,0,0,0,0.115384615,157,0,0,0,0,0,0,0,3,51.66666667,28,13,0,0,5.109730125,0,0,0,0,2.430844807,0.641025641,0
0,3.553090084,0,0,0,0,0.068965517,483,0,0,0,0,13,0,0,0,160.3333333,38,8.894736842,0,7,5.077143716,0,0,0,0,2.180387909,0.414937759,0
0,3.546593564,0,0,0,0,0.133333333,87,0,0,0,0,2,0,0,0,43,14,9,0,0,4.758144331,0,0,0,0,2.343446711,1.149425287,0
0,3.546593564,0,0,0,0,0.15,95,1,0,0,0,1,0,0,0,95,13,6.333333333,0,0,4.914335678,0,0,0,0,1.932740911,7.291666667,0
1,3.546439345,0,0,0,0,0.079545455,449,0,0,0,0,1,0,0,0,20.42857143,20,7.1,0,6,5.231845559,0,0,0,0,1.715199383,10,0
0,3.546439345,0,0,0,0,0.04964539,530,1,0,0,0,0,0,0,0,131.75,20,9,0,0,5.140632763,0,0,4,0,2.354709982,2.840909091,0
0,3.538310596,0,0,0,0,0.064327485,1078,1,0,0,0,2,0,0,1,28.97222222,22,9.615384615,0,0,5.008504641,0,0,0,0,2.592163262,3.544061303,0
0,3.536243413,0,0,0,0,0.039215686,277,0,0,0,0,0,0,0,0,91.66666667,30,11.41666667,0,0,5.065116359,0,0,0,0,2.680029242,0.724637681,0
0,3.521640636,0,0,0,0,0,107,0,0,0,0,1,0,0,0,14.42857143,17,10.33333333,0,0,4.79981992,0,0,0,0,2.340289394,21.56862745,0
0,3.521640636,0,0,0,0,0.106280193,2249,0,0,0,0,0,0,0,0,30.69014085,23,9.4,0,3,4.565198334,0,0,0,0,2.200456702,25.73394495,0
0,3.516027641,0,0,0,0,0.16,169,0,0,0,0,1,0,0,0,23.28571429,22,11,0,0,4.474201298,0,0,0,0,1.758013821,22.56097561,0
0,3.511085408,0,0,0,0,0.084870849,1725,1,0,0,0,1,0,0,0,30.38181818,19,7.9,0,2,5.097231448,0,0,0,0,2.235001783,14.4138756,0
0,3.506890596,0,0,0,0,0.3,50,0,0,0,0,1,0,0,0,11.75,15,9.666666667,0,0,4.48107688,0,0,0,0,2.229632137,0,0
0,3.506890596,0,0,0,0,0.070588235,518,2,0,0,0,1,2,0,0,31.4375,15,8.555555556,0,2,4.668762914,0,0,0,0,2.155027214,20.83333333,0
0,3.506890596,0,0,0,0,0,84,0,0,0,0,0,1,0,0,84,15,7.5,0,0,4.673775633,0,0,0,0,1.753445298,4.705882353,0
0,3.503258335,0,0,0,0,0,153,0,0,0,0,0,0,0,0,24.66666667,18,10.25,0,0,5.082345853,0,0,0,0,2.239185841,5.369127517,0
0,3.499227547,0,0,0,0,0,135,0,0,0,0,0,0,0,0,44.33333333,17,10.33333333,0,0,4.947449947,0,0,0,0,2.502240414,0.746268657,0
0,3.46132014,0,0,0,0,0.146341463,681,2,0,0,0,1,0,0,0,226.3333333,18,7.1,0,2,5.345986959,0,0,0,0,1.951947584,8.823529412,0
0,3.452819531,0,0,0,0,0.0625,95,0,0,0,0,0,0,0,0,31,16,7.5,0,0,4.123812733,0,0,0,0,1.968686907,32.9787234,0
0,3.452819531,0,0,0,0,0.0625,65,0,0,0,0,0,0,0,0,65,16,7.5,0,0,4.650698344,0,0,0,0,1.843686907,4.545454545,0
0,3.446439345,0,0,0,0,0.153846154,56,0,0,0,0,1,0,0,0,56,20,10,0,0,4.600039914,0,0,0,0,1.723219672,1.754385965,0
0,3.431623566,0,0,0,0,0.25,51,0,0,0,0,0,0,0,0,51,19,12.66666667,0,0,4.019863088,0,0,0,0,2.287749044,0,0
0,3.42511855,0,0,0,0,0,210,1,0,0,0,0,0,0,0,16.58333333,22,11,0,0,5.306156482,0,0,0,0,2.576660549,4,0
0,3.421928095,0,0,0,0,0.040816327,265,0,0,0,0,0,0,0,0,87.66666667,20,12.16666667,0,0,4.958327466,0,0,0,0,2.519809305,0.757575758,0
0,3.418295834,0,0,0,0,0.046153846,519,0,0,0,0,4,0,0,0,36.14285714,13,8.555555556,0,1,3.554008561,0,0,0,0,2.404791141,49.11242604,0
0,3.418295834,0,0,0,0,0,80,0,0,0,0,0,0,0,0,80,15,9,0,0,4.721762239,0,0,0,0,2.247175754,0,0
0,3.418295834,0,0,0,0,0.196078431,264,0,0,0,0,4,0,0,0,264,13,7.6,0,0,4.783746691,0,0,0,0,2.401601807,0,0
0,3.39274741,0,0,0,0,0.046153846,329,0,0,0,0,4,0,0,0,24.38461538,13,7.222222222,0,1,4.661195623,0,0,0,0,2.053942914,10.37735849,0
0,3.39274741,0,0,0,0,0.125,92,0,0,0,0,0,0,0,0,30,13,6.75,0,0,4.057645672,0,0,0,0,1.953668876,34.06593407,0
0,3.39274741,0,0,0,0,0.125,62,0,0,0,0,0,0,0,0,62,13,6.75,0,0,4.605023077,0,0,0,0,1.828668876,4.761904762,0
0,3.39274741,0,0,0,0,0.125,89,0,0,0,0,1,0,0,0,89,21,9.6,0,1,4.989433713,0,0,0,0,2.243544459,4.444444444,0
0,3.39274741,0,0,0,0,0,180,0,0,0,0,0,0,0,0,180,13,10.25,0,0,4.527384295,0,0,0,0,2.953467421,8.839779006,0
0,3.392147224,0,0,0,0,0.038461538,151,0,0,0,0,0,0,0,0,49.66666667,18,11.6,0,0,4.999957494,0,0,0,0,2.413032107,2.666666667,0
0,3.381580488,0,1,0,0,0.082644628,512,0,0,0,0,2,0,0,0,170,17,7.833333333,0,3,5.309350469,0,0,0,0,2.122442051,7.436399217,0
0,3.378783493,0,0,0,0,0.05952381,729,0,0,0,0,0,0,0,0,27.07692308,14,9.666666667,0,0,5.029673642,0,0,0,0,2.687600146,1.418439716,0
0,3.378783493,0,0,0,0,0.05952381,754,0,0,0,0,0,0,0,0,28.03846154,14,9.666666667,0,0,5.072889815,0,0,0,0,2.687600146,1.369863014,0
0,3.378783493,0,0,0,0,0.066666667,86,0,0,0,0,2,0,0,0,42.5,14,8.833333333,0,0,4.642356582,0,0,0,0,2.210952645,1.162790698,0
0,3.378783493,0,0,0,0,0.068181818,187,0,0,0,0,0,0,0,0,61.66666667,14,9.428571429,0,0,4.976815145,0,0,0,0,2.54290538,0.537634409,0
0,3.378783493,0,0,0,0,0.068965517,154,0,0,0,0,2,0,0,0,76.5,14,8.833333333,0,0,4.942817493,0,0,0,0,2.309449817,0.649350649,0
0,3.378783493,0,0,0,0,0.065789474,401,0,0,0,0,3,0,1,0,99.5,14,6,0,0,5.243635282,0,0,0,0,1.89485377,1.503759399,0
0,3.375,0,0,0,0,0.25,138,1,0,0,0,0,0,0,0,16.375,16,8,0,0,4.62224531,0,0,0,0,1.6875,15.90909091,0
2,3.375,0,0,0,0,0.077777778,999,3,0,0,0,0,0,0,0,22.80952381,16,5.636363636,0,4,4.628002795,0,0,0,0,1.618014019,23.14911366,0
0,3.373557262,0,0,0,0,0.051282051,196,0,0,0,0,1,0,0,0,18.7,15,8.75,0,0,5.463042606,0,0,0,0,2.167260655,4.255319149,0
0,3.373557262,0,0,0,0,0.14084507,421,0,0,0,0,0,0,0,0,25.375,15,8.142857143,0,0,5.244574243,0,0,0,0,2.28460529,3.194103194,0
0,3.366091329,0,0,0,0,0,101,0,0,0,0,0,0,0,0,101,19,9.5,0,0,4.735525008,0,0,0,0,1.683045665,8.823529412,0
0,3.327819531,0,0,0,0,0.12,157,0,0,0,0,0,0,0,0,30.6,16,10.33333333,0,0,4.463085587,0,0,0,0,2.217016987,12.33766234,0
2,3.326360408,0,0,0,0,0.076190476,305,1,0,0,0,0,1,0,0,305,19,7.666666667,0,2,5.280461076,0,0,0,0,1.735235918,1.633986928,0
0,3.324862958,0,0,0,0,0.0625,93,0,0,0,0,0,0,0,0,30.33333333,14,7,0,0,4.090566864,0,0,0,0,1.936697763,33.69565217,0
0,3.324862958,0,0,0,0,0.115523466,1672,0,0,0,0,0,0,0,0,38.83333333,18,7.962962963,0,2,5.01058942,0,0,0,0,2.28200154,6.678921569,0
0,3.324862958,0,0,0,0,0,158,0,0,0,0,0,0,0,0,52,15,10.83333333,0,0,5.283914436,0,0,0,0,2.553329065,1.27388535,0
0,3.308270835,0,0,0,0,0,49,0,0,0,0,0,0,0,0,49,18,12,0,0,3.946370947,0,0,0,0,2.20551389,0,0
0,3.308270835,0,0,0,0,0,100,0,0,0,0,0,0,0,0,100,18,9,0,0,4.737892777,0,0,0,0,1.654135417,8.910891089,0
0,3.292770194,0,0,0,0,0.142857143,112,1,0,0,0,0,0,0,0,27.25,17,9.333333333,0,0,5.250036704,1,0,0,0,2.068915756,1.818181818,0
0,3.281036113,0,0,0,0,0.0625,536,3,0,0,0,4,0,0,0,30.58823529,18,5.727272727,0,6,4.305964584,0,0,0,0,1.520331748,33.58925144,0
0,3.277613437,0,0,0,0,0.092857143,765,0,0,0,0,0,0,0,0,15.29787234,11,7.5,0,0,5.004936195,0,0,0,0,2.189943082,5.555555556,0
0,3.277613437,0,0,0,0,0.055555556,81,0,0,0,0,0,0,0,0,81,11,6.666666667,0,0,4.697469528,0,0,0,0,2.075105405,0,0
0,3.251629167,0,0,0,0,0.0625,91,0,0,0,0,0,0,0,0,29.66666667,12,6.5,0,0,3.998189441,0,0,0,0,1.918389316,34.44444444,0
0,3.251629167,0,0,0,0,0.75,46,0,0,0,0,2,0,0,0,46,12,6.333333333,0,0,4.058690696,0,0,0,0,1.924423268,2.127659574,0
0,3.251629167,0,0,0,0,0,58,0,0,0,0,2,0,0,0,58,12,6.25,0,0,4.389730728,0,0,0,0,2.006224743,0,0
0,3.251629167,0,0,0,0,0.0625,59,0,0,0,0,2,0,0,0,59,12,6.5,0,0,4.387069643,0,0,0,0,2.000814584,0,0
0,3.251629167,0,0,0,0,0.0625,61,0,0,0,0,0,0,0,0,61,12,6.5,0,0,4.57985819,0,0,0,0,1.793389316,4.838709677,0
0,3.251629167,0,0,0,0,0.0625,61,0,0,0,0,0,0,0,0,61,12,6.5,0,0,4.553470641,0,0,0,0,1.793389316,4.838709677,0
0,3.251629167,0,0,0,0,0,82,0,0,0,0,0,0,0,0,82,12,6.666666667,0,0,4.959158218,0,0,0,0,2.000543056,7.228915663,0
0,3.251629167,0,1,1,0,0.088607595,262,2,0,0,0,1,0,0,0,86.66666667,12,5.428571429,0,1,5.249383457,0,0,0,0,1.751449847,0.766283525,0
0,3.251629167,0,0,0,0,0.034482759,128,0,0,0,0,0,0,0,0,128,12,6.666666667,0,0,4.881580987,0,0,0,0,1.917209722,0.775193798,0
0,3.240223929,0,0,0,0,0.043478261,251,2,0,0,0,0,0,0,0,83,15,7.5,0,0,4.796846774,0,0,0,0,1.620111964,6.8,0
0,3.238901257,0,0,0,0,0.032258065,100,0,0,0,0,0,0,0,0,24.25,13,6.5,0,0,4.698242691,0,0,0,0,1.619450628,1.020408163,0
0,3.238901257,0,0,0,0,0.181818182,575,0,0,0,0,0,0,0,0,47,18,14.71428571,0,0,4.772814637,0,0,0,0,2.16531421,6.725663717,0
0,3.238901257,0,0,0,0,0.181818182,579,0,0,0,0,0,0,0,0,47.33333333,18,14.71428571,0,0,4.799359059,0,0,0,0,2.16531421,6.678383128,0
0,3.219528282,0,0,0,0,0,68,0,0,0,0,0,0,0,0,12.8,17,8.5,0,0,4.483145431,0,0,0,0,1.609764141,0,0
1,3.189898095,0,0,0,0,0.043478261,1775,0,0,0,0,1,0,0,0,32.50943396,15,5.357142857,0,1,3.542347718,0,0,4,0,1.691122516,52.90023202,0
0,3.189898095,0,0,0,0,0.0625,64,0,0,0,0,0,0,0,0,64,15,7.25,0,0,4.522729102,0,0,0,0,1.777956548,4.615384615,0
0,3.182005815,0,0,0,0,0.227272727,136,0,0,0,0,1,0,0,0,18.57142857,14,7,0,0,4.346099951,0,0,0,0,1.591002907,22.90076336,0
0,3.175123135,0,0,0,0,0,133,0,0,0,0,0,0,0,0,133,17,8,0,2,4.53522504,0,0,0,0,1.637367588,7.462686567,0
0,3.167338944,0,0,0,0,0,48,0,0,0,0,1,0,0,0,11.25,34,17,0,0,4.05061374,0,0,0,0,1.583669472,0,0
0,3.121928095,0,0,0,0,0,23,0,0,0,0,0,0,0,0,23,10,5,0,0,4.349648913,0,0,0,0,1.560964047,0,0
1,3.121928095,0,0,0,0,0.039101255,10707,3,0,0,0,16,0,0,0,381.4285714,10,5.4375,5,15,5.212928622,0,0,0,0,1.670086331,0.664731767,0
1,3.095795255,0,0,0,0,0.105263158,73,0,0,0,0,1,0,0,0,13.8,11,5.5,0,0,4.290258936,0,0,0,0,1.547897628,5.714285714,1
0,3.095795255,0,0,0,0,0,70,0,0,0,0,0,0,0,0,16.75,11,7,0,0,4.44301016,0,0,0,0,1.939241117,17.64705882,0
0,3.095795255,0,0,0,0,0,200,0,0,0,0,0,0,0,0,27.71428571,11,5.5,0,0,2.905836212,0,0,0,0,1.547897628,59.48717949,0
0,3.095795255,0,0,0,0,0.166666667,28,0,0,0,0,0,0,0,0,28,11,5.5,0,0,4.226474118,0,0,0,0,1.547897628,3.448275862,0
0,3.095795255,0,0,0,0,0,169,0,0,0,0,0,0,0,0,33,11,5.5,0,0,2.850153603,0,0,0,0,1.547897628,60.24096386,0
0,3.095795255,0,0,0,0,0.079015544,5088,20,0,0,0,12,1,6,0,35.09219858,11,4.7,5,6,5.54052391,0,0,3,0,1.412141051,4.303899778,0
0,3.085055103,0,0,0,0,0.285714286,52,0,0,0,0,1,0,0,0,9.6,13,6.5,0,0,4.565448372,0,0,0,0,1.542527551,4.081632653,0
0,3.085055103,0,0,0,0,0.02955665,1052,4,0,0,0,16,0,1,0,29.97058824,13,6.238095238,0,4,4.702819403,0,0,0,0,1.675857674,20.68627451,0
0,3.085055103,0,0,0,0,0.02955665,1085,4,0,0,0,16,0,1,0,30.94117647,13,6.238095238,0,4,4.756251889,0,0,0,0,1.675857674,20.0379867,0
0,3.085055103,0,0,0,0,0.029371585,8099,0,0,0,0,1,0,0,0,38.13043478,13,7,0,0,5.390595466,0,0,0,0,2.089173935,16.18951102,0
0,3.085055103,0,0,0,0,0.02957359,5943,0,0,0,0,1,0,0,0,120.3061224,13,7,0,0,5.498046118,0,0,0,0,2.089173935,7.903663501,0
0,3.085055103,0,0,0,0,0.027027027,162,2,0,0,0,0,0,0,0,162,13,6.25,0,1,4.826388761,0,0,0,0,1.626652318,7.36196319,0
0,3.085055103,0,0,0,0,0.051546392,307,0,0,0,0,6,0,0,0,307,13,6.8,0,1,5.167126656,0,0,0,0,2.02068534,0.649350649,0
0,3.084962501,0,0,0,0,0.142857143,43,0,0,0,0,1,0,0,0,13.66666667,12,6,0,0,4.33894179,0,0,0,0,1.54248125,19.04761905,0
2,3.084962501,0,0,0,0,0.096774194,802,1,0,0,0,3,0,0,0,21.30555556,12,4.6,0,5,4.787285629,0,0,0,0,1.350814584,23.56770833,0
0,3.084962501,0,0,0,0,0.103448276,406,0,0,0,0,0,0,0,0,26.13333333,12,7.166666667,0,0,4.578057333,0,0,0,0,2.02565422,21.11959288,0
0,3.084962501,0,0,0,0,0.077464789,689,0,0,0,0,1,0,0,0,27.75,12,9.583333333,0,1,5.209428744,0,0,0,0,2.536185829,9.145427286,0
0,3.084962501,0,0,0,0,0,29,0,0,0,0,0,0,0,0,29,12,6,0,0,4.185230133,0,0,0,0,1.54248125,3.333333333,0
0,3.084962501,0,0,0,0,0.0875,516,0,0,0,0,0,0,0,0,33.46666667,12,6,0,0,4.370458236,0,0,0,0,1.54248125,30.41749503,0
0,3.084962501,0,0,0,0,0,132,0,0,0,0,0,0,0,0,43.33333333,12,7.6,0,0,5.101841873,0,0,0,0,1.998470289,4.580152672,0
0,3.084962501,0,0,0,0,0,137,0,0,0,0,0,0,0,0,45,12,7.666666667,0,0,5.071384929,0,0,0,0,2.133682383,5.147058824,0
0,3.084962501,0,0,0,0,0.068965517,266,0,0,1,0,1,0,0,0,88,13,7.5,0,0,5.114877841,0,0,0,0,1.970007819,1.132075472,0
0,3.026986833,0,0,0,0,0.083333333,64,0,0,0,0,1,0,0,0,20.66666667,13,6.5,0,0,4.514162751,0,0,0,0,1.513493417,12.6984127,0
0,2.947702779,0,0,0,0,0.050847458,251,0,0,0,0,14,0,0,0,12.26315789,9,3.333333333,0,11,4.680845206,0,0,0,0,0.789999929,7.692307692,0
0,2.947702779,0,0,0,0,0.153846154,59,0,0,0,0,0,0,0,0,19,9,4.5,0,0,4.182261373,0,0,0,0,1.47385139,24.13793103,0
0,2.947702779,0,0,0,0,0.155172414,271,3,0,0,0,1,0,0,0,19.92307692,9,6.2,0,0,5.034862055,0,0,0,0,1.857293334,9.230769231,0
0,2.947702779,0,0,0,0,0.130434783,108,0,0,0,0,1,0,0,0,20.8,10,5.8,0,1,4.579944419,0,0,0,0,1.804770612,15.23809524,0
0,2.947702779,0,0,0,0,0.035714286,184,0,0,0,0,0,0,0,0,22.125,9,5.5,0,0,3.694403802,0,0,0,0,1.930243146,42.69662921,0
2,2.947702779,0,0,0,0,0.065789474,474,0,0,0,0,3,0,0,0,66.85714286,9,6.1,0,1,4.973506213,0,0,4,0,2.056408092,0.852878465,0
0,2.947702779,0,0,0,0,0,71,0,0,0,0,0,0,0,0,71,11,6.5,0,0,4.625256543,0,0,0,0,1.965716175,6.944444444,0
0,2.921928095,0,0,0,0,0.090909091,60,0,0,0,0,0,0,0,0,11.2,10,4.666666667,0,0,3.736550633,0,0,0,0,1.473976032,33.33333333,0
0,2.921928095,0,0,0,0,0,90,0,0,0,0,0,0,0,0,21.75,10,5.333333333,0,0,3.893529942,0,0,0,0,1.724519087,37.5,0
0,2.921928095,0,0,0,0,0,24,0,0,0,0,0,0,0,0,24,10,5,0,0,3.720175521,0,0,0,0,1.460964047,0,0
0,2.921928095,0,0,0,0,0,27,0,0,0,0,0,0,0,0,27,10,5,0,0,3.986187965,0,0,0,0,1.460964047,3.571428571,0
0,2.921928095,0,0,0,0,0,180,0,0,0,0,0,0,0,0,35.2,10,6,0,0,4.904514814,0,0,0,0,1.890642698,4.519774011,0
0,2.921928095,0,0,0,0,0.073206442,3641,0,0,0,0,0,0,0,0,36.9375,11,7.571428571,0,3,5.252386424,0,0,0,0,2.046594152,7.160981111,0
0,2.921928095,0,0,0,0,0.054545455,161,0,0,0,0,0,0,0,0,39.5,10,5,0,0,4.778996877,0,0,0,0,1.460964047,0.628930818,0
0,2.921928095,0,0,0,0,0.076923077,284,0,0,0,0,0,0,0,0,94,10,5,1,0,5.114132307,0,0,0,0,1.460964047,1.766784452,0
0,2.913977073,0,0,0,0,0,24,0,0,0,0,0,0,0,0,24,11,5.5,0,0,4.251629167,0,0,0,0,1.456988537,0,0
0,2.913977073,0,0,0,0,0.041666667,158,0,0,0,0,1,0,0,0,30.8,11,5.5,0,0,4.361559384,0,0,0,0,1.771883584,27.09677419,0
0,2.913977073,0,0,0,0,0.052631579,94,0,0,0,0,3,0,0,0,94,13,8.125,0,1,4.440451715,0,0,0,0,2.077769889,1.052631579,0
0,2.75,0,0,0,0,0,21,0,0,0,0,0,0,0,0,21,8,4,0,0,3.499227542,1,0,0,0,1.375,0,0
0,2.75,0,0,0,0,0,24,0,0,0,0,0,0,0,0,24,8,4,0,0,3.803508855,1,0,0,0,1.375,4,0
0,2.75,0,0,0,0,0.103448276,333,0,0,0,0,6,0,0,0,24.69230769,8,6,0,0,4.20131717,0,0,0,0,2.122419234,5.279503106,0
0,2.75,0,0,0,0,0.090909091,183,3,0,0,0,0,0,0,0,25.28571429,8,6,0,0,4.446823301,1,0,0,0,2,24.15730337,0
0,2.75,0,0,0,0,0.103448276,345,0,0,0,0,6,0,0,0,25.61538462,8,6,0,0,4.273020874,0,0,0,0,2.122419234,5.089820359,0
0,2.75,0,0,0,0,0.057142857,369,0,0,0,0,3,0,0,0,91.5,11,5.125,0,1,5.094562443,0,0,0,0,1.591519861,1.634877384,0
5,2.75,2,0,0,0,0.034296029,1490,0,0,0,0,3,0,0,0,134.5454545,8,3.545454545,0,14,5.432254439,0,1,0,0,1.028808709,2.025658339,0
0,2.732158891,0,0,0,0,0.117647059,162,0,0,0,0,0,0,0,0,26.16666667,11,5.5,0,0,4.056179191,0,0,0,0,1.366079446,33.5443038,0
0,2.725480557,0,0,0,0,0.086956522,120,1,0,0,0,1,0,0,0,120,9,5.333333333,1,0,4.814253042,0,0,0,0,1.749040398,13.2231405,0
0,2.725480557,0,0,0,0,0.160714286,249,0,0,0,0,0,0,0,2,124,9,4.5,0,0,5.092999229,0,0,0,0,1.362740279,1.606425703,0
0,2.721928095,0,0,0,0,0,53,0,0,0,0,2,0,0,0,8,10,4.666666667,0,0,4.499252238,0,0,0,0,1.407309365,8.163265306,0
0,2.69619905,0,0,0,0,0,101,1,0,0,0,0,0,0,0,101,17,8.5,0,0,4.622411148,0,0,0,0,1.348099525,2.941176471,0
0,2.663532755,0,0,0,0,0,37,0,0,0,0,0,0,0,0,37,11,5,0,0,4.07501638,0,0,0,0,1.387844252,13.15789474,0
0,2.625,0,0,0,0,0.1,64,0,0,0,0,1,0,0,0,12,16,8,0,1,5.015319531,0,0,0,0,1.3125,3.278688525,0
0,2.521640636,0,0,0,0,0,35,0,0,0,0,0,0,0,0,35,7,3.5,0,0,4.24015686,0,0,0,0,1.260820318,0,0
0,2.521640636,0,0,0,0,0,74,0,0,0,0,0,0,0,0,74,7,3.5,0,0,4.734338291,0,0,0,0,1.260820318,0,0
0,2.521640636,0,0,0,0,0.148148148,110,0,0,0,0,1,0,0,0,110,7,4.75,0,0,4.470778144,1,0,0,0,1.756224743,7.207207207,0
1,2.521640636,0,0,0,0,0.125,113,0,0,0,0,1,0,0,0,113,7,5,0,0,4.84727824,0,0,0,0,1.82372761,9.649122807,0
0,2.521640636,0,0,0,0,0.029673591,1102,0,0,0,0,3,2,0,0,182.8333333,7,4.476190476,0,2,5.153296381,0,0,1,0,1.62272092,1.366120219,0
0,2.503258335,0,0,0,0,0,26,0,0,0,0,0,0,0,0,26,9,4.5,0,0,4.209867122,0,0,0,0,1.251629167,3.703703704,0
0,2.5,0,0,0,0,0,4288,0,0,0,0,0,0,0,0,4288,13,4.148387097,0,38,3.021410163,0,0,0,0,1.028462947,0,1
0,2.5,0,0,0,0,0.03030303,296,0,0,0,0,6,0,0,0,21.84615385,8,5.384615385,0,2,4.563864524,0,0,0,0,1.622421475,5.964912281,0
0,2.5,0,0,0,0,0.058823529,60,0,0,0,0,0,0,0,0,60,8,4.666666667,0,0,4.436243413,0,0,0,0,1.583876389,3.278688525,0
0,2.352745781,0,0,0,0,0.2,33,0,0,0,0,1,0,0,0,33,14,7,0,1,4.01790009,0,0,0,0,1.17637289,8.823529412,0
0,2.321928095,0,0,0,0,0.001218027,4129,0,0,2,0,4,0,0,0,4129,10,3.588235294,0,2,3.971140424,0,0,0,0,1.136818766,0.169491525,1
0,2.28901799,0,0,0,0,0.153846154,62,0,0,0,0,1,0,0,0,11.6,19,7,0,2,4.031090675,0,0,0,0,0.763005997,5.084745763,0
0,2.251629167,0,0,0,0,0.002177463,3419,0,0,3,0,4,0,0,0,1709,7,3.625,0,2,3.804459439,0,0,0,0,1.12824001,0.204738228,1
0,2.251629167,0,0,0,0,0.001635769,3409,0,0,3,0,4,0,0,0,1704,7,3.6875,0,2,3.78987586,0,0,0,0,1.154610516,0.205338809,1
0,2.251629167,0,0,0,0,0.001592357,3517,0,0,2,0,4,0,0,0,3517,7,3.352941176,0,3,3.894380208,0,0,0,0,1.068526763,0.142126208,1
0,2.251629167,0,0,0,0,0.037037037,139,0,0,0,0,1,0,0,0,11.72727273,6,3,0,0,4.879627589,0,0,0,0,1.125814584,1.538461538,0
0,2.251629167,0,0,0,0,0.111111111,124,0,0,0,0,0,0,0,0,12.88888889,6,3,0,0,4.216101562,0,0,0,0,1.125814584,25.64102564,0
0,2.251629167,0,0,0,0,0.2,20,0,0,0,0,0,0,0,0,20,6,3,0,0,3.746439345,0,0,0,0,1.125814584,0,0
0,2.251629167,0,0,0,0,0.157894737,546,0,0,0,0,2,0,0,0,272.5,6,2.5,0,3,5.195380896,0,0,0,0,0.562907292,2.197802198,0
0,2.251629167,0,0,0,0,0.157894737,547,0,0,0,0,2,0,0,0,273,6,2.5,0,3,5.209478639,0,0,0,0,0.562907292,2.193784278,0
1,1.950212065,0,0,0,0,0.036036036,713,0,0,0,0,1,0,0,0,177.5,7,3.333333333,0,2,5.435871997,0,0,0,0,0.9561693,1.265822785,0
0,1.921928095,0,0,0,0,0.055555556,93,0,0,0,0,0,0,0,0,10.75,5,2.5,0,0,4.310374163,0,0,0,0,0.960964047,32.18390805,0
0,1.921928095,0,0,0,0,0.125,55,0,0,0,0,0,0,0,0,55,5,2.333333333,0,1,4.403642668,0,0,0,0,0.640642698,7.142857143,0
0,1.918295834,0,0,0,0,0.03030303,294,0,0,0,0,6,0,0,0,21.69230769,6,4.461538462,0,2,4.440466347,0,0,0,0,1.379082372,6.007067138,0
0,1.918295834,0,0,0,0,0.03030303,306,0,0,0,0,6,0,0,0,22.61538462,6,4.461538462,0,2,4.505014923,0,0,0,0,1.379082372,5.762711864,0
0,1.521928095,0,0,0,0,0.090909091,71,0,0,0,0,2,0,0,0,11,5,3,0,2,5.012128811,0,0,0,0,1.007309365,10.44776119,0
0,1.521928095,0,0,0,0,0.2,16,0,0,0,0,1,0,0,0,16,5,2.5,0,1,3.625,0,0,0,0,0.760964047,5.882352941,0
2,1.5,0,0,0,0,0.054054054,262,0,0,0,0,4,0,0,0,9.115384615,4,2.285714286,0,4,4.223917221,0,0,0,0,0.428571429,30.67226891,0
0,1.5,0,0,0,0,0.2,15,0,0,0,0,1,0,0,0,15,4,2,0,1,3.640223929,0,0,0,0,0.75,6.25,0
0,1.5,0,0,0,0,0.028571429,241,0,0,0,0,0,0,0,0,25.88888889,4,2,0,0,4.398505936,0,0,4,0,0.75,13.24786325,0
1,1.5,0,0,0,0,0.071428571,52,0,0,0,0,0,0,0,0,52,4,2.5,0,3,4.173822834,0,0,0,0,0.834147917,15.09433962,0
0,1.5,0,0,0,0,0.125,54,0,0,0,0,0,0,0,0,54,4,2,0,1,4.448788891,0,0,0,0,0.5,7.272727273,0
1,1.422989225,0,0,0,0,0.029126214,900,0,1,1,0,2,0,0,0,299.3333333,650,83.25,0,6,3.234648995,0,0,0,0,0.63702157,0.333704116,1
0,1.153261974,0,0,0,0,0,70,0,1,0,0,0,0,0,0,22.66666667,51,25.5,0,0,2.575825956,0,0,0,0,0.576630987,0,0
0,1.153261974,0,0,0,0,0,72,0,1,0,0,0,0,0,0,23.33333333,51,25.5,0,0,2.687397303,0,0,0,0,0.576630987,0,0
0,0.918295834,0,0,0,0,0.014925373,443,0,0,0,0,0,0,0,0,20.14285714,3,1.5,1,0,4.48969639,0,0,0,0,0.459147917,5.188679245,0
0,0,0,0,0,0,0.034482759,113,0,0,0,0,0,0,0,0,113,2,1,0,1,4.318834343,0,0,0,0,0,16.66666667,0
0,0,0,0,0,0,0.066666667,289,2,0,0,0,1,0,0,0,289,2,1,0,1,5.055497399,0,0,0,0,0,5.517241379,0
1,5.96875,0,0,0,0,0.0193370166,3217,0,2,0,0,15,0,0,0,3217,178,13.9428571429,0,3,5.5620491242,0,0,0,0,2.4628828527,0.2796768179,1
3,5.7943091372,0,0,0,0,0.03125,2582,0,2,0,0,2,0,0,0,2582,2194,208.636363636,0,2,4.0997473256,0,0,0,0,1.96460688,1.2388695316,1
2,5.5399765674,0,0,0,0,0.0472440945,2555,1,4,0,0,3,0,0,0,1277,2051,190.5,0,2,4.1962070517,0,0,0,0,2.4841451374,1.0567514677,1
1,5.5358128872,0,0,0,0,0.0236220472,2433,0,2,0,0,2,0,0,0,1216,2025,109.4,0,1,4.0305476016,0,0,0,0,2.0178621993,1.1508425812,1
3,5.0491568219,0,1,1,0,0.0283687943,860,0,2,1,0,0,0,0,0,429.5,292,53.1,1,2,5.5838165832,0,0,0,0,1.6550639928,1.1627906977,1
0,4.9595166315,0,1,1,0,0.1428571429,131,0,1,0,0,0,0,0,0,43,113,56.5,0,0,5.0502412585,0,0,0,0,2.4797583158,3.0769230769,1
0,4.3349625007,0,0,0,0,0.0458970793,2753,0,1,0,0,7,0,0,0,1376,721,27.1470588235,0,10,5.5000725614,3,0,0,0,1.9040529154,0.8717762441,1
2,3.75,1,0,0,0,0.1525423729,1484,0,0,0,0,24,0,0,0,86.3529411765,30,25.0357142857,0,2,5.0713575204,0,1,0,0,2.8151265535,2.8590878148,1
0,4.57859430079,0,0,0,0,0.0559440559441,731,0,3,3,0,6,0,0,0,731.0,185,58.0,0,1,5.20537208671,0,0,0,0,2.57123389381,0.409836065574,1
